{
  "type": "FeatureCollection",
  "features": [
    {
      "type": "Feature",
      "geometry": {
        "type": "LineString",
        "coordinates": [
          [
            78.9880769,
            21.1579081
          ],
          [
            78.9881198,
            21.1577305
          ],
          [
            78.9881319,
            21.1577054
          ],
          [
            78.9881533,
            21.1576842
          ],
          [
            78.9883679,
            21.1575891
          ],
          [
            78.9886227,
            21.1574841
          ],
          [
            78.9887649,
            21.1574441
          ],
          [
            78.9889581,
            21.1573998
          ],
          [
            78.9894008,
            21.1572946
          ],
          [
            78.9902134,
            21.1566866
          ],
          [
            78.9909846,
            21.1563059
          ],
          [
            78.991299,
            21.156259
          ],
          [
            78.9918682,
            21.1561933
          ],
          [
            78.992156,
            21.1562543
          ],
          [
            78.9924085,
            21.1563079
          ],
          [
            78.9925165,
            21.1563817
          ],
          [
            78.9929207,
            21.1566578
          ],
          [
            78.9931438,
            21.1568102
          ],
          [
            78.9934983,
            21.1570524
          ],
          [
            78.9939224,
            21.1573425
          ],
          [
            78.9939627,
            21.1573694
          ],
          [
            78.9954696,
            21.157341
          ],
          [
            78.9962789,
            21.1572444
          ],
          [
            78.9964423,
            21.1572249
          ],
          [
            78.9968678,
            21.1569213
          ],
          [
            78.9971313,
            21.1565767
          ],
          [
            78.9975094,
            21.1558307
          ],
          [
            78.9977783,
            21.1551516
          ],
          [
            78.9984986,
            21.1543698
          ],
          [
            78.9986804,
            21.1541269
          ],
          [
            78.9987836,
            21.1539889
          ],
          [
            78.9989027,
            21.1538298
          ],
          [
            78.9993701,
            21.1533905
          ],
          [
            79.0002566,
            21.1524976
          ],
          [
            79.0005322,
            21.1520602
          ],
          [
            79.0003849,
            21.1515699
          ],
          [
            79.0007559,
            21.151369
          ],
          [
            79.0020378,
            21.1510795
          ],
          [
            79.0022409,
            21.1514483
          ],
          [
            79.0027609,
            21.1513928
          ]
        ]
      },
      "properties": {
        "osm_id": 27108807,
        "name": "Naag River",
        "waterway_type": "stream",
        "intermittent": "no"
      }
    },
    {
      "type": "Feature",
      "geometry": {
        "type": "LineString",
        "coordinates": [
          [
            79.1568206,
            21.1768752
          ],
          [
            79.1576532,
            21.1761068
          ],
          [
            79.158254,
            21.1759948
          ],
          [
            79.1594471,
            21.1751784
          ],
          [
            79.1597732,
            21.1752585
          ],
          [
            79.1600994,
            21.1751464
          ],
          [
            79.1605629,
            21.1748423
          ],
          [
            79.1609491,
            21.1743701
          ],
          [
            79.1614898,
            21.174242
          ],
          [
            79.1617216,
            21.17417
          ],
          [
            79.1623996,
            21.174122
          ],
          [
            79.1627601,
            21.174122
          ],
          [
            79.1631034,
            21.174258
          ],
          [
            79.1636184,
            21.1743701
          ],
          [
            79.1641849,
            21.1746822
          ],
          [
            79.1643995,
            21.1749383
          ],
          [
            79.1648029,
            21.1751464
          ],
          [
            79.164966,
            21.1754265
          ],
          [
            79.1656526,
            21.1755066
          ],
          [
            79.1662191,
            21.1754986
          ],
          [
            79.1666568,
            21.1751784
          ],
          [
            79.1671718,
            21.1748103
          ],
          [
            79.1672748,
            21.1743781
          ],
          [
            79.1676611,
            21.1738658
          ],
          [
            79.1682533,
            21.1736177
          ],
          [
            79.1689914,
            21.1735217
          ],
          [
            79.169618,
            21.1732576
          ],
          [
            79.1703905,
            21.1728014
          ],
          [
            79.1708025,
            21.1722651
          ],
          [
            79.1717037,
            21.171937
          ],
          [
            79.1722272,
            21.1714487
          ],
          [
            79.1724933,
            21.1712646
          ],
          [
            79.1728023,
            21.1707604
          ],
          [
            79.172974,
            21.1706564
          ],
          [
            79.1729997,
            21.1702802
          ],
          [
            79.1735576,
            21.169944
          ],
          [
            79.1737379,
            21.1696719
          ],
          [
            79.1739696,
            21.1691756
          ],
          [
            79.1743902,
            21.1687675
          ],
          [
            79.1746866,
            21.1682862
          ],
          [
            79.1749464,
            21.1677023
          ],
          [
            79.1752734,
            21.1668859
          ],
          [
            79.1753944,
            21.1665504
          ],
          [
            79.1756948,
            21.1662222
          ],
          [
            79.1762331,
            21.1658755
          ]
        ]
      },
      "properties": {
        "osm_id": 44431548,
        "name": "unnamed",
        "waterway_type": "river",
        "intermittent": "no"
      }
    },
    {
      "type": "Feature",
      "geometry": {
        "type": "LineString",
        "coordinates": [
          [
            79.1762331,
            21.1658755
          ],
          [
            79.1769308,
            21.1656939
          ],
          [
            79.177317,
            21.1655739
          ],
          [
            79.1778921,
            21.1655739
          ],
          [
            79.1782611,
            21.1656459
          ],
          [
            79.178716,
            21.1659821
          ],
          [
            79.1792224,
            21.1660861
          ],
          [
            79.1797203,
            21.1660301
          ],
          [
            79.1802181,
            21.16579
          ],
          [
            79.1805957,
            21.1653658
          ],
          [
            79.1807331,
            21.1650136
          ],
          [
            79.1807502,
            21.1645573
          ],
          [
            79.1809305,
            21.1643332
          ],
          [
            79.1815227,
            21.1640931
          ],
          [
            79.182072,
            21.1640051
          ],
          [
            79.1829132,
            21.1642212
          ],
          [
            79.1831363,
            21.1641731
          ],
          [
            79.1836856,
            21.163877
          ],
          [
            79.1848529,
            21.1634288
          ],
          [
            79.1854023,
            21.1633727
          ],
          [
            79.1859087,
            21.1634047
          ],
          [
            79.1868099,
            21.1636929
          ],
          [
            79.1872476,
            21.1636769
          ],
          [
            79.1878913,
            21.1633967
          ],
          [
            79.1880373,
            21.1632207
          ],
          [
            79.1879772,
            21.1625883
          ],
          [
            79.1882604,
            21.161964
          ],
          [
            79.1886552,
            21.1615077
          ],
          [
            79.189505,
            21.1609635
          ],
          [
            79.1901659,
            21.1611155
          ],
          [
            79.1914619,
            21.1616118
          ],
          [
            79.1917022,
            21.1616118
          ],
          [
            79.1928009,
            21.1610195
          ],
          [
            79.1930755,
            21.1606673
          ],
          [
            79.1933797,
            21.1598804
          ],
          [
            79.1936495,
            21.1594502
          ],
          [
            79.1939167,
            21.1591545
          ],
          [
            79.1951011,
            21.1577137
          ],
          [
            79.1956075,
            21.156609
          ],
          [
            79.1958994,
            21.1563849
          ],
          [
            79.1969808,
            21.1560247
          ],
          [
            79.1977361,
            21.1556565
          ],
          [
            79.1983198,
            21.1551042
          ],
          [
            79.1984314,
            21.1546559
          ],
          [
            79.1983369,
            21.1533271
          ],
          [
            79.1988863,
            21.1513259
          ],
          [
            79.1989978,
            21.1505815
          ],
          [
            79.1993068,
            21.1499971
          ],
          [
            79.1997017,
            21.1495969
          ],
          [
            79.200045,
            21.1486043
          ],
          [
            79.2004827,
            21.1479799
          ],
          [
            79.2006115,
            21.1472594
          ],
          [
            79.2007402,
            21.1470033
          ],
          [
            79.2014354,
            21.1467311
          ],
          [
            79.2021478,
            21.1468432
          ],
          [
            79.202783,
            21.1468112
          ],
          [
            79.2031005,
            21.146587
          ],
          [
            79.203873,
            21.1462188
          ],
          [
            79.2041734,
            21.1458185
          ]
        ]
      },
      "properties": {
        "osm_id": 44431551,
        "name": "unnamed",
        "waterway_type": "river",
        "intermittent": "no"
      }
    },
    {
      "type": "Feature",
      "geometry": {
        "type": "LineString",
        "coordinates": [
          [
            79.1582601,
            21.1545653
          ],
          [
            79.1580026,
            21.1551657
          ],
          [
            79.1579254,
            21.1556139
          ],
          [
            79.1580799,
            21.1561503
          ],
          [
            79.158303,
            21.1563504
          ],
          [
            79.1587064,
            21.1565025
          ],
          [
            79.1589296,
            21.1564384
          ],
          [
            79.1591613,
            21.1561823
          ],
          [
            79.1593845,
            21.1561182
          ],
          [
            79.1596076,
            21.1561823
          ],
          [
            79.1597621,
            21.1563344
          ],
          [
            79.1598737,
            21.1569987
          ],
          [
            79.1601312,
            21.1571748
          ],
          [
            79.160629,
            21.1572469
          ],
          [
            79.1609638,
            21.1572068
          ],
          [
            79.1620109,
            21.1576951
          ],
          [
            79.1624315,
            21.1581514
          ],
          [
            79.1627233,
            21.1582154
          ],
          [
            79.1634443,
            21.1581514
          ],
          [
            79.1638563,
            21.1586076
          ],
          [
            79.1649034,
            21.1590159
          ],
          [
            79.1650836,
            21.1591519
          ],
          [
            79.165118,
            21.1596162
          ],
          [
            79.1648948,
            21.1602005
          ],
          [
            79.1658819,
            21.1609449
          ],
          [
            79.1663282,
            21.1614892
          ],
          [
            79.1665857,
            21.1616333
          ],
          [
            79.1668861,
            21.1619134
          ],
          [
            79.1675078,
            21.1623172
          ],
          [
            79.1682131,
            21.162865
          ],
          [
            79.1685543,
            21.1629295
          ],
          [
            79.1687744,
            21.1627939
          ],
          [
            79.1691778,
            21.1623136
          ],
          [
            79.1695554,
            21.1623697
          ],
          [
            79.1706712,
            21.1626578
          ],
          [
            79.1710828,
            21.1626251
          ],
          [
            79.1716156,
            21.1626389
          ],
          [
            79.1720508,
            21.1626537
          ],
          [
            79.1722765,
            21.1627331
          ],
          [
            79.172899,
            21.1631289
          ],
          [
            79.1731804,
            21.1631615
          ],
          [
            79.1740292,
            21.1629338
          ],
          [
            79.1747568,
            21.1632181
          ],
          [
            79.17483,
            21.1634839
          ],
          [
            79.174731,
            21.1640506
          ],
          [
            79.1748769,
            21.1647549
          ],
          [
            79.1752717,
            21.1652352
          ],
          [
            79.1762331,
            21.1658755
          ]
        ]
      },
      "properties": {
        "osm_id": 44434578,
        "name": "Naag River",
        "waterway_type": "river",
        "intermittent": "no"
      }
    },
    {
      "type": "Feature",
      "geometry": {
        "type": "LineString",
        "coordinates": [
          [
            79.1267845,
            21.1417342
          ],
          [
            79.1283481,
            21.1420936
          ],
          [
            79.1290984,
            21.142323
          ],
          [
            79.129664,
            21.1424629
          ],
          [
            79.130451,
            21.1423817
          ],
          [
            79.1307514,
            21.1423389
          ],
          [
            79.1310862,
            21.142124
          ],
          [
            79.1319079,
            21.1415065
          ],
          [
            79.1321302,
            21.1414068
          ],
          [
            79.1325685,
            21.1413584
          ],
          [
            79.133277,
            21.1411566
          ],
          [
            79.1338327,
            21.1410208
          ],
          [
            79.1347339,
            21.1409088
          ],
          [
            79.1357215,
            21.1408971
          ],
          [
            79.1360085,
            21.1409276
          ],
          [
            79.1363191,
            21.1408741
          ],
          [
            79.1368368,
            21.1407406
          ],
          [
            79.1373027,
            21.1406396
          ],
          [
            79.1377766,
            21.1407326
          ],
          [
            79.1381601,
            21.1409557
          ],
          [
            79.1385247,
            21.1412771
          ],
          [
            79.1386921,
            21.1413222
          ],
          [
            79.1391297,
            21.1413462
          ],
          [
            79.1396827,
            21.1414107
          ],
          [
            79.1401927,
            21.1417056
          ],
          [
            79.1405103,
            21.1421736
          ],
          [
            79.1406734,
            21.1424938
          ],
          [
            79.1405987,
            21.1431002
          ],
          [
            79.1407764,
            21.1435745
          ],
          [
            79.1413343,
            21.1439988
          ],
          [
            79.1415145,
            21.1442069
          ],
          [
            79.1416004,
            21.1445592
          ],
          [
            79.1424158,
            21.1449754
          ],
          [
            79.1429822,
            21.1451516
          ],
          [
            79.1434371,
            21.1450875
          ],
          [
            79.1449392,
            21.1462723
          ],
          [
            79.1456602,
            21.1465284
          ],
          [
            79.1460206,
            21.1465925
          ],
          [
            79.1466215,
            21.1463123
          ],
          [
            79.1473424,
            21.1463443
          ],
          [
            79.1476428,
            21.1464564
          ],
          [
            79.1479068,
            21.1470317
          ],
          [
            79.1484582,
            21.147377
          ],
          [
            79.148725,
            21.1475132
          ],
          [
            79.1488108,
            21.1475823
          ],
          [
            79.1492988,
            21.1479751
          ],
          [
            79.1496425,
            21.1482365
          ],
          [
            79.1505353,
            21.1485617
          ],
          [
            79.1511362,
            21.1488819
          ],
          [
            79.1517799,
            21.14909
          ],
          [
            79.1525609,
            21.1491621
          ],
          [
            79.153484,
            21.1488731
          ],
          [
            79.1539857,
            21.1488419
          ],
          [
            79.1542089,
            21.148978
          ],
          [
            79.1545436,
            21.1495383
          ],
          [
            79.1550071,
            21.1499866
          ],
          [
            79.1553676,
            21.1509392
          ],
          [
            79.1551445,
            21.1519798
          ],
          [
            79.1551874,
            21.152228
          ],
          [
            79.1554449,
            21.1525722
          ],
          [
            79.1557453,
            21.1533726
          ],
          [
            79.1557796,
            21.1538369
          ],
          [
            79.1554792,
            21.154005
          ],
          [
            79.1553676,
            21.1542211
          ],
          [
            79.1553419,
            21.1544933
          ],
          [
            79.1554792,
            21.1546374
          ],
          [
            79.1562774,
            21.1547494
          ],
          [
            79.1565006,
            21.1547094
          ],
          [
            79.1567237,
            21.1545253
          ],
          [
            79.1572044,
            21.1543572
          ],
          [
            79.1578052,
            21.1542852
          ],
          [
            79.1582601,
            21.1543252
          ],
          [
            79.1582601,
            21.1545653
          ]
        ]
      },
      "properties": {
        "osm_id": 44434949,
        "name": "Naag River",
        "waterway_type": "river",
        "intermittent": "no"
      }
    },
    {
      "type": "Feature",
      "geometry": {
        "type": "LineString",
        "coordinates": [
          [
            79.0832288,
            21.1404878
          ],
          [
            79.0839221,
            21.1403644
          ],
          [
            79.08442,
            21.1400122
          ],
          [
            79.0849092,
            21.1395558
          ],
          [
            79.0850208,
            21.1393397
          ],
          [
            79.0853212,
            21.1390195
          ],
          [
            79.08551,
            21.1387393
          ],
          [
            79.0858448,
            21.1378747
          ],
          [
            79.0861881,
            21.1376585
          ],
          [
            79.0874927,
            21.1378747
          ],
          [
            79.0880102,
            21.1377067
          ],
          [
            79.0887372,
            21.1374504
          ],
          [
            79.0890119,
            21.1374104
          ],
          [
            79.0892694,
            21.1374104
          ],
          [
            79.0898986,
            21.1374845
          ],
          [
            79.0903312,
            21.1374286
          ],
          [
            79.0923765,
            21.1370581
          ],
          [
            79.0926771,
            21.1370752
          ],
          [
            79.0934238,
            21.137139
          ],
          [
            79.0937989,
            21.1369782
          ],
          [
            79.0941626,
            21.1367881
          ],
          [
            79.0943941,
            21.1367915
          ],
          [
            79.0950372,
            21.1370901
          ],
          [
            79.0952731,
            21.1371957
          ],
          [
            79.0958612,
            21.1374424
          ],
          [
            79.096874,
            21.1374504
          ],
          [
            79.0978868,
            21.1373383
          ],
          [
            79.0984533,
            21.1373383
          ],
          [
            79.0995433,
            21.1371622
          ],
          [
            79.100436,
            21.1371622
          ],
          [
            79.1008094,
            21.1372448
          ],
          [
            79.1010046,
            21.1372766
          ],
          [
            79.1018779,
            21.136922
          ],
          [
            79.1025753,
            21.1369048
          ],
          [
            79.1038606,
            21.1371622
          ],
          [
            79.1042908,
            21.1372198
          ],
          [
            79.1047619,
            21.1369843
          ],
          [
            79.1049077,
            21.1369861
          ],
          [
            79.1051309,
            21.136954
          ],
          [
            79.1055343,
            21.1372102
          ],
          [
            79.1056545,
            21.1373783
          ],
          [
            79.1058519,
            21.1384271
          ],
          [
            79.1062896,
            21.1387073
          ],
          [
            79.1074569,
            21.1388754
          ],
          [
            79.108135,
            21.1388514
          ],
          [
            79.1094053,
            21.1386112
          ],
          [
            79.1103408,
            21.1386112
          ],
          [
            79.1111708,
            21.1386217
          ],
          [
            79.1116618,
            21.1386147
          ],
          [
            79.1118892,
            21.1385971
          ],
          [
            79.1121846,
            21.1385883
          ],
          [
            79.1124609,
            21.1385792
          ],
          [
            79.1128643,
            21.1386352
          ],
          [
            79.113315,
            21.1388084
          ],
          [
            79.1135769,
            21.1388908
          ],
          [
            79.1145208,
            21.1390275
          ],
          [
            79.1149816,
            21.1391258
          ],
          [
            79.1154649,
            21.1392756
          ],
          [
            79.1159,
            21.1394086
          ],
          [
            79.1166422,
            21.1395576
          ],
          [
            79.1169469,
            21.1396167
          ],
          [
            79.1174268,
            21.1397861
          ],
          [
            79.1179094,
            21.139938
          ],
          [
            79.1182333,
            21.1400227
          ],
          [
            79.1185263,
            21.1400784
          ],
          [
            79.1189668,
            21.1401883
          ],
          [
            79.1204431,
            21.1406046
          ],
          [
            79.1207608,
            21.1406816
          ],
          [
            79.1227093,
            21.1411084
          ],
          [
            79.1229923,
            21.1411249
          ],
          [
            79.1242438,
            21.1414459
          ],
          [
            79.1251209,
            21.1415332
          ],
          [
            79.1267845,
            21.1417342
          ]
        ]
      },
      "properties": {
        "osm_id": 44435009,
        "name": "Nag River",
        "waterway_type": "river",
        "intermittent": "no"
      }
    },
    {
      "type": "Feature",
      "geometry": {
        "type": "LineString",
        "coordinates": [
          [
            79.1337469,
            21.175876
          ],
          [
            79.1341109,
            21.1758288
          ],
          [
            79.1342052,
            21.1759325
          ],
          [
            79.1343805,
            21.1759985
          ],
          [
            79.1346299,
            21.1758414
          ],
          [
            79.1353511,
            21.1757471
          ],
          [
            79.1355534,
            21.1757785
          ],
          [
            79.1356814,
            21.1759042
          ],
          [
            79.1358061,
            21.1760677
          ],
          [
            79.1360387,
            21.1759765
          ],
          [
            79.1360218,
            21.1758508
          ],
          [
            79.1362611,
            21.175634
          ],
          [
            79.1367161,
            21.1755145
          ],
          [
            79.1371307,
            21.1753386
          ],
          [
            79.1374205,
            21.1753323
          ],
          [
            79.137562,
            21.1751249
          ],
          [
            79.1378047,
            21.17504
          ],
          [
            79.1378755,
            21.1750903
          ],
          [
            79.1380639,
            21.1750895
          ],
          [
            79.138464,
            21.1750778
          ],
          [
            79.1387452,
            21.1752002
          ],
          [
            79.1389828,
            21.1753401
          ],
          [
            79.139089,
            21.1755208
          ],
          [
            79.139064,
            21.175684
          ],
          [
            79.1391453,
            21.1757714
          ],
          [
            79.1392828,
            21.175853
          ],
          [
            79.1394391,
            21.1758297
          ],
          [
            79.1396516,
            21.1758355
          ],
          [
            79.1399016,
            21.1759404
          ],
          [
            79.1401503,
            21.1759332
          ],
          [
            79.1404936,
            21.1759012
          ],
          [
            79.1408026,
            21.1759332
          ],
          [
            79.1409828,
            21.1758211
          ],
          [
            79.1412403,
            21.1758051
          ],
          [
            79.1415235,
            21.1758691
          ],
          [
            79.141987,
            21.1757571
          ],
          [
            79.1422789,
            21.175549
          ],
          [
            79.1425106,
            21.175557
          ],
          [
            79.1428282,
            21.1757251
          ],
          [
            79.143017,
            21.1759252
          ],
          [
            79.1432402,
            21.1761253
          ],
          [
            79.1433603,
            21.1764374
          ],
          [
            79.1434805,
            21.1765494
          ],
          [
            79.1436693,
            21.1765494
          ],
          [
            79.1439011,
            21.1764694
          ],
          [
            79.1441585,
            21.1764694
          ],
          [
            79.1442444,
            21.1765574
          ],
          [
            79.1441843,
            21.1768856
          ],
          [
            79.1440813,
            21.1769736
          ],
          [
            79.1437036,
            21.1771897
          ],
          [
            79.1434719,
            21.1774058
          ],
          [
            79.1434719,
            21.177838
          ],
          [
            79.1434204,
            21.1780061
          ],
          [
            79.1434805,
            21.1781981
          ],
          [
            79.1437809,
            21.1782702
          ]
        ]
      },
      "properties": {
        "osm_id": 44438600,
        "name": "unnamed",
        "waterway_type": "drain",
        "intermittent": "no"
      }
    },
    {
      "type": "Feature",
      "geometry": {
        "type": "LineString",
        "coordinates": [
          [
            79.1437809,
            21.1782702
          ],
          [
            79.1440985,
            21.1781821
          ],
          [
            79.1445963,
            21.1783422
          ],
          [
            79.1450426,
            21.1783342
          ],
          [
            79.1455576,
            21.1785583
          ],
          [
            79.1459095,
            21.1788464
          ],
          [
            79.1460382,
            21.1791505
          ],
          [
            79.1462099,
            21.1792226
          ],
          [
            79.1466219,
            21.1792146
          ],
          [
            79.1471025,
            21.1789825
          ],
          [
            79.1473686,
            21.1789265
          ],
          [
            79.1478235,
            21.1786543
          ],
          [
            79.1485445,
            21.1789265
          ],
          [
            79.1488621,
            21.1789265
          ],
          [
            79.1494972,
            21.1793586
          ],
          [
            79.1498148,
            21.1795187
          ],
          [
            79.150407,
            21.1795747
          ],
          [
            79.1510679,
            21.1799349
          ],
          [
            79.151437,
            21.1800149
          ],
          [
            79.1519949,
            21.1800469
          ],
          [
            79.1523039,
            21.1799269
          ],
          [
            79.1526987,
            21.1795027
          ],
          [
            79.1528961,
            21.1791265
          ],
          [
            79.1529304,
            21.1788544
          ],
          [
            79.1532652,
            21.1783822
          ],
          [
            79.1536085,
            21.1780781
          ],
          [
            79.1540548,
            21.177854
          ],
          [
            79.1543466,
            21.177846
          ],
          [
            79.1548101,
            21.177846
          ],
          [
            79.1553251,
            21.177742
          ],
          [
            79.1563208,
            21.1772858
          ],
          [
            79.1568206,
            21.1768752
          ]
        ]
      },
      "properties": {
        "osm_id": 44438763,
        "name": "unnamed",
        "waterway_type": "river",
        "intermittent": "no"
      }
    },
    {
      "type": "Feature",
      "geometry": {
        "type": "LineString",
        "coordinates": [
          [
            79.0523597,
            21.1091168
          ],
          [
            79.0525539,
            21.1081639
          ],
          [
            79.0532191,
            21.1074833
          ],
          [
            79.0538414,
            21.1072831
          ],
          [
            79.054292,
            21.1072631
          ],
          [
            79.0546782,
            21.1069428
          ],
          [
            79.0549143,
            21.1063623
          ],
          [
            79.0552147,
            21.1061221
          ],
          [
            79.055558,
            21.1057217
          ],
          [
            79.0559657,
            21.1051212
          ],
          [
            79.0560328,
            21.1048908
          ]
        ]
      },
      "properties": {
        "osm_id": 143273092,
        "name": "Nallah",
        "waterway_type": "stream",
        "intermittent": "no"
      }
    },
    {
      "type": "Feature",
      "geometry": {
        "type": "LineString",
        "coordinates": [
          [
            79.0743324,
            21.1113187
          ],
          [
            79.0744593,
            21.1112223
          ]
        ]
      },
      "properties": {
        "osm_id": 143273110,
        "name": "unnamed",
        "waterway_type": "stream",
        "intermittent": "no"
      }
    },
    {
      "type": "Feature",
      "geometry": {
        "type": "LineString",
        "coordinates": [
          [
            79.0920743,
            21.1116439
          ],
          [
            79.0922008,
            21.1115298
          ],
          [
            79.0921987,
            21.1114806
          ],
          [
            79.0922169,
            21.1114358
          ],
          [
            79.0921278,
            21.1113126
          ],
          [
            79.0921113,
            21.1111606
          ],
          [
            79.0921093,
            21.1108566
          ]
        ]
      },
      "properties": {
        "osm_id": 143273114,
        "name": "unnamed",
        "waterway_type": "stream",
        "intermittent": "no"
      }
    },
    {
      "type": "Feature",
      "geometry": {
        "type": "LineString",
        "coordinates": [
          [
            79.1257546,
            21.1140608
          ],
          [
            79.1257546,
            21.1137776
          ],
          [
            79.1260244,
            21.1134786
          ],
          [
            79.1264292,
            21.1129595
          ],
          [
            79.1265163,
            21.1127616
          ],
          [
            79.1265264,
            21.1120946
          ],
          [
            79.1266316,
            21.1118267
          ],
          [
            79.1270195,
            21.1114805
          ],
          [
            79.1272756,
            21.1106356
          ],
          [
            79.127316,
            21.1105024
          ]
        ]
      },
      "properties": {
        "osm_id": 143275497,
        "name": "unnamed",
        "waterway_type": "stream",
        "intermittent": "no"
      }
    },
    {
      "type": "Feature",
      "geometry": {
        "type": "LineString",
        "coordinates": [
          [
            79.1125682,
            21.1476259
          ],
          [
            79.1126346,
            21.147551
          ],
          [
            79.112767,
            21.1474302
          ],
          [
            79.1131205,
            21.1470745
          ],
          [
            79.113178,
            21.1470277
          ],
          [
            79.1132747,
            21.1469728
          ],
          [
            79.113438,
            21.1469306
          ],
          [
            79.1135801,
            21.1469195
          ],
          [
            79.1136835,
            21.1469449
          ],
          [
            79.1137435,
            21.1469723
          ],
          [
            79.1138684,
            21.147061
          ],
          [
            79.114009,
            21.1472195
          ],
          [
            79.1141913,
            21.1474209
          ],
          [
            79.1142866,
            21.1475054
          ],
          [
            79.1143831,
            21.1475227
          ],
          [
            79.1144531,
            21.1475008
          ],
          [
            79.1144842,
            21.1473545
          ],
          [
            79.1144764,
            21.147283
          ],
          [
            79.114478,
            21.1471564
          ],
          [
            79.1145271,
            21.1470384
          ],
          [
            79.1146778,
            21.1468942
          ],
          [
            79.1148453,
            21.1467655
          ],
          [
            79.1149469,
            21.1466983
          ],
          [
            79.1150129,
            21.1465278
          ],
          [
            79.1150513,
            21.146009
          ],
          [
            79.1151024,
            21.1458122
          ],
          [
            79.1154926,
            21.1452642
          ],
          [
            79.1155772,
            21.1451538
          ],
          [
            79.1156749,
            21.1449772
          ],
          [
            79.1157255,
            21.1448138
          ],
          [
            79.1157448,
            21.1446531
          ],
          [
            79.1157525,
            21.1443988
          ],
          [
            79.1159224,
            21.1439622
          ],
          [
            79.115969,
            21.1438537
          ],
          [
            79.1160038,
            21.1437227
          ],
          [
            79.1163173,
            21.143057
          ],
          [
            79.1168416,
            21.1428483
          ],
          [
            79.1170583,
            21.1427778
          ],
          [
            79.1172565,
            21.1427138
          ],
          [
            79.1174228,
            21.1425491
          ],
          [
            79.1175001,
            21.1422102
          ],
          [
            79.1176088,
            21.1419896
          ],
          [
            79.1177559,
            21.1418107
          ],
          [
            79.1177175,
            21.1417272
          ],
          [
            79.1176664,
            21.1416437
          ],
          [
            79.1176536,
            21.1415423
          ],
          [
            79.1177751,
            21.1412322
          ],
          [
            79.1178646,
            21.1409101
          ],
          [
            79.1179861,
            21.1406
          ],
          [
            79.1181651,
            21.1401945
          ],
          [
            79.1182333,
            21.1400227
          ]
        ]
      },
      "properties": {
        "osm_id": 143275501,
        "name": "unnamed",
        "waterway_type": "drain",
        "intermittent": "no"
      }
    },
    {
      "type": "Feature",
      "geometry": {
        "type": "LineString",
        "coordinates": [
          [
            79.1282043,
            21.10903
          ],
          [
            79.1282043,
            21.1088727
          ],
          [
            79.1284749,
            21.1086187
          ],
          [
            79.1284664,
            21.1085243
          ],
          [
            79.1287904,
            21.1083299
          ],
          [
            79.1296505,
            21.1072482
          ],
          [
            79.1300215,
            21.1066817
          ],
          [
            79.1303757,
            21.1063985
          ],
          [
            79.1305106,
            21.1060839
          ],
          [
            79.1307227,
            21.1056512
          ],
          [
            79.1310841,
            21.1054545
          ],
          [
            79.1319437,
            21.1047835
          ],
          [
            79.1323755,
            21.1044255
          ],
          [
            79.1324468,
            21.1043284
          ],
          [
            79.1326598,
            21.1041318
          ],
          [
            79.13272,
            21.1036451
          ],
          [
            79.132973,
            21.1030472
          ],
          [
            79.1327537,
            21.1028269
          ],
          [
            79.1328813,
            21.1025936
          ],
          [
            79.1330807,
            21.1022055
          ],
          [
            79.1333778,
            21.1020087
          ],
          [
            79.1335296,
            21.1014737
          ],
          [
            79.1337825,
            21.1013321
          ],
          [
            79.1338331,
            21.1010804
          ],
          [
            79.1338837,
            21.1007499
          ],
          [
            79.1336645,
            21.1005769
          ],
          [
            79.1336307,
            21.1002307
          ],
          [
            79.1337825,
            21.1000419
          ],
          [
            79.1343054,
            21.0996957
          ],
          [
            79.1353898,
            21.0986714
          ]
        ]
      },
      "properties": {
        "osm_id": 143275504,
        "name": "unnamed",
        "waterway_type": "stream",
        "intermittent": "no"
      }
    },
    {
      "type": "Feature",
      "geometry": {
        "type": "LineString",
        "coordinates": [
          [
            79.1186421,
            21.1606866
          ],
          [
            79.1194377,
            21.1611765
          ],
          [
            79.1197955,
            21.1613469
          ],
          [
            79.1198754,
            21.1614747
          ],
          [
            79.1203246,
            21.1617161
          ],
          [
            79.1210098,
            21.1618936
          ],
          [
            79.1211392,
            21.161851
          ],
          [
            79.1215998,
            21.1619575
          ],
          [
            79.1216189,
            21.1620711
          ],
          [
            79.121912,
            21.1620818
          ],
          [
            79.1220947,
            21.1621847
          ],
          [
            79.1224297,
            21.1621954
          ],
          [
            79.1227252,
            21.1622639
          ],
          [
            79.1231837,
            21.1624588
          ],
          [
            79.1233464,
            21.1625059
          ],
          [
            79.1234911,
            21.1625058
          ],
          [
            79.1236475,
            21.1624888
          ],
          [
            79.1238742,
            21.1624196
          ]
        ]
      },
      "properties": {
        "osm_id": 143281442,
        "name": "unnamed",
        "waterway_type": "drain",
        "intermittent": "no"
      }
    },
    {
      "type": "Feature",
      "geometry": {
        "type": "LineString",
        "coordinates": [
          [
            79.0961734,
            21.1622492
          ],
          [
            79.0959562,
            21.1627214
          ],
          [
            79.0958132,
            21.1629617
          ],
          [
            79.0957292,
            21.1631573
          ]
        ]
      },
      "properties": {
        "osm_id": 143458956,
        "name": "unnamed",
        "waterway_type": "drain",
        "intermittent": "no"
      }
    },
    {
      "type": "Feature",
      "geometry": {
        "type": "LineString",
        "coordinates": [
          [
            79.0903625,
            21.1613797
          ],
          [
            79.090409,
            21.1612893
          ],
          [
            79.0905229,
            21.161208
          ],
          [
            79.0908225,
            21.1611932
          ],
          [
            79.0908994,
            21.1611954
          ]
        ]
      },
      "properties": {
        "osm_id": 143458957,
        "name": "unnamed",
        "waterway_type": "drain",
        "intermittent": "no"
      }
    },
    {
      "type": "Feature",
      "geometry": {
        "type": "LineString",
        "coordinates": [
          [
            79.0518562,
            21.2666095
          ],
          [
            79.0521291,
            21.2655236
          ],
          [
            79.0524347,
            21.2650455
          ],
          [
            79.0527404,
            21.2648523
          ],
          [
            79.0533298,
            21.2646488
          ],
          [
            79.0641252,
            21.2634587
          ],
          [
            79.0643981,
            21.2633366
          ],
          [
            79.0645618,
            21.2632094
          ],
          [
            79.0660299,
            21.2618654
          ],
          [
            79.0669795,
            21.2609143
          ],
          [
            79.0671651,
            21.2607109
          ],
          [
            79.0672906,
            21.2603548
          ],
          [
            79.0677654,
            21.2580202
          ],
          [
            79.0677764,
            21.2575573
          ],
          [
            79.0676945,
            21.2571606
          ],
          [
            79.0667885,
            21.2549429
          ],
          [
            79.0666794,
            21.2545156
          ],
          [
            79.0667667,
            21.2538544
          ],
          [
            79.0675146,
            21.2513089
          ],
          [
            79.0681128,
            21.2513879
          ],
          [
            79.0703166,
            21.2516567
          ],
          [
            79.0711709,
            21.2517581
          ],
          [
            79.071628,
            21.2519204
          ],
          [
            79.0723789,
            21.2522856
          ],
          [
            79.0737176,
            21.2530006
          ],
          [
            79.0744467,
            21.2533201
          ],
          [
            79.0783592,
            21.2539186
          ],
          [
            79.0816241,
            21.254375
          ],
          [
            79.081956,
            21.2543598
          ],
          [
            79.0822879,
            21.2542533
          ],
          [
            79.0824784,
            21.2541518
          ],
          [
            79.0826906,
            21.2537816
          ],
          [
            79.0828702,
            21.2530412
          ],
          [
            79.0833273,
            21.250546
          ],
          [
            79.083534,
            21.2501505
          ],
          [
            79.0837027,
            21.2500085
          ],
          [
            79.0838877,
            21.2498918
          ],
          [
            79.0843612,
            21.2498005
          ],
          [
            79.0848726,
            21.2497127
          ]
        ]
      },
      "properties": {
        "osm_id": 143489835,
        "name": "unnamed",
        "waterway_type": "canal",
        "intermittent": "no"
      }
    },
    {
      "type": "Feature",
      "geometry": {
        "type": "LineString",
        "coordinates": [
          [
            79.0855396,
            21.2466656
          ],
          [
            79.0855465,
            21.2467542
          ],
          [
            79.0857012,
            21.2485435
          ]
        ]
      },
      "properties": {
        "osm_id": 143508393,
        "name": "unnamed",
        "waterway_type": "river",
        "intermittent": "no"
      }
    },
    {
      "type": "Feature",
      "geometry": {
        "type": "LineString",
        "coordinates": [
          [
            79.0899196,
            21.2467875
          ],
          [
            79.0899052,
            21.2469204
          ],
          [
            79.0899106,
            21.24694
          ],
          [
            79.0899376,
            21.247038
          ],
          [
            79.0900553,
            21.2472187
          ],
          [
            79.0902188,
            21.247291
          ],
          [
            79.0905762,
            21.2474692
          ],
          [
            79.0908117,
            21.247526
          ],
          [
            79.0913741,
            21.2479107
          ],
          [
            79.09187,
            21.2480001
          ],
          [
            79.0921858,
            21.2483461
          ],
          [
            79.0924373,
            21.2490198
          ],
          [
            79.0926489,
            21.2491257
          ],
          [
            79.0928796,
            21.2492237
          ]
        ]
      },
      "properties": {
        "osm_id": 143508397,
        "name": "unnamed",
        "waterway_type": "river",
        "intermittent": "no"
      }
    },
    {
      "type": "Feature",
      "geometry": {
        "type": "LineString",
        "coordinates": [
          [
            79.0739321,
            21.2466923
          ],
          [
            79.0734807,
            21.2468311
          ],
          [
            79.0733737,
            21.2469178
          ],
          [
            79.073369,
            21.2471607
          ],
          [
            79.0732573,
            21.2475163
          ],
          [
            79.0730805,
            21.2477549
          ],
          [
            79.0728292,
            21.2479847
          ],
          [
            79.0726245,
            21.2480541
          ],
          [
            79.0722615,
            21.2481105
          ],
          [
            79.0719172,
            21.248245
          ],
          [
            79.0717589,
            21.2484054
          ],
          [
            79.0716612,
            21.2487654
          ],
          [
            79.0715542,
            21.2491471
          ],
          [
            79.0714239,
            21.2492555
          ],
          [
            79.0712052,
            21.2493032
          ],
          [
            79.0707492,
            21.2493509
          ],
          [
            79.0705723,
            21.2494506
          ],
          [
            79.0702606,
            21.2497282
          ],
          [
            79.0701349,
            21.2499581
          ],
          [
            79.0701349,
            21.2503744
          ],
          [
            79.0702745,
            21.2506563
          ],
          [
            79.0705072,
            21.2508558
          ],
          [
            79.070819,
            21.2510033
          ],
          [
            79.0709493,
            21.2509816
          ],
          [
            79.0710516,
            21.2508905
          ],
          [
            79.0711447,
            21.2507301
          ],
          [
            79.0715728,
            21.250717
          ],
          [
            79.071745,
            21.2506563
          ],
          [
            79.0719451,
            21.2506173
          ],
          [
            79.0721591,
            21.2506997
          ],
          [
            79.072215,
            21.2508428
          ],
          [
            79.0722289,
            21.2510553
          ],
          [
            79.0721917,
            21.2512895
          ],
          [
            79.0722382,
            21.2514847
          ],
          [
            79.0722475,
            21.251849
          ],
          [
            79.0721638,
            21.2520745
          ]
        ]
      },
      "properties": {
        "osm_id": 143508401,
        "name": "unnamed",
        "waterway_type": "river",
        "intermittent": "no"
      }
    },
    {
      "type": "Feature",
      "geometry": {
        "type": "LineString",
        "coordinates": [
          [
            79.0708639,
            21.1936336
          ],
          [
            79.071457,
            21.1934998
          ],
          [
            79.0717194,
            21.1937082
          ],
          [
            79.0718092,
            21.1937795
          ],
          [
            79.0735382,
            21.1940521
          ],
          [
            79.0735199,
            21.1945644
          ],
          [
            79.0736389,
            21.1946839
          ],
          [
            79.0749486,
            21.1949059
          ],
          [
            79.0767711,
            21.1949316
          ],
          [
            79.0772473,
            21.1950853
          ],
          [
            79.0773572,
            21.1952817
          ],
          [
            79.0774973,
            21.1956136
          ],
          [
            79.077598,
            21.1957673
          ],
          [
            79.0778232,
            21.1959096
          ]
        ]
      },
      "properties": {
        "osm_id": 143748503,
        "name": "unnamed",
        "waterway_type": "drain",
        "intermittent": "no"
      }
    },
    {
      "type": "Feature",
      "geometry": {
        "type": "LineString",
        "coordinates": [
          [
            79.0456832,
            21.1980765
          ],
          [
            79.0459396,
            21.1980765
          ],
          [
            79.045992,
            21.1980656
          ],
          [
            79.0461915,
            21.1978429
          ],
          [
            79.0466862,
            21.1963527
          ],
          [
            79.0465826,
            21.1956161
          ],
          [
            79.0465696,
            21.1947587
          ],
          [
            79.0469193,
            21.1940462
          ],
          [
            79.047677,
            21.1936659
          ],
          [
            79.0479749,
            21.1933519
          ],
          [
            79.0484541,
            21.1931406
          ],
          [
            79.0486743,
            21.1931889
          ],
          [
            79.0489981,
            21.1930923
          ],
          [
            79.0494255,
            21.1931466
          ],
          [
            79.0502609,
            21.1929051
          ],
          [
            79.0508373,
            21.1927481
          ],
          [
            79.0514849,
            21.1926515
          ],
          [
            79.05174,
            21.1924096
          ],
          [
            79.0519576,
            21.1923315
          ],
          [
            79.0524822,
            21.1919269
          ],
          [
            79.0526311,
            21.1917397
          ],
          [
            79.0525987,
            21.1916371
          ]
        ]
      },
      "properties": {
        "osm_id": 143748504,
        "name": "unnamed",
        "waterway_type": "drain",
        "intermittent": "no"
      }
    },
    {
      "type": "Feature",
      "geometry": {
        "type": "LineString",
        "coordinates": [
          [
            79.0525987,
            21.1916371
          ],
          [
            79.0533986,
            21.1913785
          ],
          [
            79.0547068,
            21.190986
          ],
          [
            79.0553285,
            21.1909618
          ],
          [
            79.0556069,
            21.1910645
          ],
          [
            79.0558271,
            21.1909981
          ],
          [
            79.0564164,
            21.1910766
          ],
          [
            79.0572648,
            21.1913603
          ],
          [
            79.0575562,
            21.1914328
          ],
          [
            79.0578606,
            21.1916683
          ],
          [
            79.0579512,
            21.1919098
          ],
          [
            79.0586701,
            21.1925196
          ],
          [
            79.0586895,
            21.1927491
          ],
          [
            79.059635,
            21.1929121
          ],
          [
            79.0598487,
            21.1930631
          ],
          [
            79.0604121,
            21.1929906
          ],
          [
            79.0606841,
            21.1926283
          ],
          [
            79.0608978,
            21.1923868
          ],
          [
            79.0609625,
            21.1922177
          ],
          [
            79.061105,
            21.1921513
          ],
          [
            79.0612734,
            21.1919883
          ],
          [
            79.0613317,
            21.1917589
          ],
          [
            79.0613317,
            21.1911067
          ],
          [
            79.0614741,
            21.1906962
          ],
          [
            79.0616166,
            21.1906116
          ],
          [
            79.0617915,
            21.1905512
          ],
          [
            79.0618886,
            21.1905754
          ],
          [
            79.0621347,
            21.1904727
          ],
          [
            79.0622254,
            21.1903701
          ],
          [
            79.0623937,
            21.1903278
          ],
          [
            79.0624253,
            21.1902484
          ]
        ]
      },
      "properties": {
        "osm_id": 143748505,
        "name": "unnamed",
        "waterway_type": "drain",
        "intermittent": "no"
      }
    },
    {
      "type": "Feature",
      "geometry": {
        "type": "LineString",
        "coordinates": [
          [
            79.0147664,
            21.161146
          ],
          [
            79.0148523,
            21.161101
          ],
          [
            79.0150347,
            21.1610209
          ],
          [
            79.0152117,
            21.1609759
          ],
          [
            79.0156408,
            21.1609859
          ],
          [
            79.015952,
            21.1609809
          ],
          [
            79.0161397,
            21.1610959
          ],
          [
            79.0162363,
            21.161146
          ],
          [
            79.0163007,
            21.161186
          ],
          [
            79.0164348,
            21.161246
          ],
          [
            79.0165367,
            21.1613311
          ],
          [
            79.0166064,
            21.1614361
          ],
          [
            79.0166494,
            21.1615562
          ],
          [
            79.0166708,
            21.1616312
          ],
          [
            79.0167191,
            21.1617163
          ],
          [
            79.0167245,
            21.1618413
          ],
          [
            79.0167245,
            21.1619164
          ],
          [
            79.0167566,
            21.1620314
          ],
          [
            79.0168532,
            21.1621365
          ],
          [
            79.0169659,
            21.1622165
          ],
          [
            79.0171,
            21.1623716
          ],
          [
            79.0171322,
            21.1624267
          ],
          [
            79.0172985,
            21.1625017
          ],
          [
            79.0174218,
            21.1625117
          ],
          [
            79.0175881,
            21.1624767
          ],
          [
            79.0176632,
            21.1623966
          ],
          [
            79.0177276,
            21.1623016
          ],
          [
            79.0182211,
            21.1621165
          ],
          [
            79.0183445,
            21.1620665
          ],
          [
            79.0184625,
            21.1620164
          ],
          [
            79.0185752,
            21.1619514
          ],
          [
            79.0187361,
            21.1618614
          ],
          [
            79.018838,
            21.1617963
          ],
          [
            79.0189185,
            21.1618213
          ],
          [
            79.0189668,
            21.1618914
          ],
          [
            79.018999,
            21.1620064
          ],
          [
            79.0190312,
            21.1620865
          ],
          [
            79.0191009,
            21.1621465
          ],
          [
            79.0191867,
            21.1622165
          ],
          [
            79.0192779,
            21.1622916
          ],
          [
            79.0193959,
            21.1624267
          ],
          [
            79.0194442,
            21.1625017
          ],
          [
            79.0195086,
            21.1626368
          ],
          [
            79.019573,
            21.1628319
          ],
          [
            79.0195569,
            21.162997
          ],
          [
            79.0195461,
            21.163077
          ],
          [
            79.0195354,
            21.1631921
          ],
          [
            79.019691,
            21.1632021
          ],
          [
            79.0198305,
            21.1631821
          ],
          [
            79.0200343,
            21.163167
          ],
          [
            79.0201899,
            21.163162
          ],
          [
            79.0203401,
            21.163147
          ],
          [
            79.0204688,
            21.163137
          ],
          [
            79.0206512,
            21.163142
          ],
          [
            79.0207639,
            21.163152
          ],
          [
            79.0208926,
            21.1632221
          ],
          [
            79.0210887,
            21.1632401
          ],
          [
            79.021365,
            21.1632321
          ],
          [
            79.0215152,
            21.163152
          ],
          [
            79.0217002,
            21.16303
          ],
          [
            79.0219336,
            21.1629319
          ],
          [
            79.0220838,
            21.162992
          ],
          [
            79.0222447,
            21.163022
          ],
          [
            79.0223949,
            21.1632621
          ],
          [
            79.0226095,
            21.1632621
          ],
          [
            79.0227168,
            21.163162
          ],
          [
            79.0228053,
            21.16304
          ],
          [
            79.0229877,
            21.16303
          ],
          [
            79.0231567,
            21.163102
          ],
          [
            79.0233605,
            21.163092
          ],
          [
            79.0235563,
            21.16301
          ],
          [
            79.0236851,
            21.16306
          ],
          [
            79.0237575,
            21.1632621
          ],
          [
            79.0239721,
            21.1635122
          ],
          [
            79.0240042,
            21.1636623
          ],
          [
            79.024015,
            21.1638924
          ],
          [
            79.0241652,
            21.1641025
          ],
          [
            79.0243502,
            21.1643407
          ],
          [
            79.0244012,
            21.1645127
          ],
          [
            79.0244441,
            21.1647028
          ],
          [
            79.0246372,
            21.164913
          ],
          [
            79.0249055,
            21.1652031
          ],
          [
            79.0250342,
            21.1655033
          ],
          [
            79.025112,
            21.1657414
          ],
          [
            79.0251978,
            21.1659015
          ],
          [
            79.0254553,
            21.1659115
          ],
          [
            79.0257557,
            21.1659115
          ],
          [
            79.0259462,
            21.1658935
          ],
          [
            79.0260964,
            21.1659535
          ],
          [
            79.026268,
            21.1661336
          ],
          [
            79.0263565,
            21.1662716
          ],
          [
            79.0265818,
            21.1663917
          ],
          [
            79.0268837,
            21.1663619
          ],
          [
            79.0272262,
            21.1663396
          ],
          [
            79.0275966,
            21.1663619
          ],
          [
            79.0278514,
            21.1664213
          ],
          [
            79.0280997,
            21.166571
          ],
          [
            79.0282736,
            21.166841
          ],
          [
            79.028182,
            21.1671195
          ],
          [
            79.0282178,
            21.1673609
          ],
          [
            79.0282975,
            21.1675355
          ],
          [
            79.0287873,
            21.1680108
          ],
          [
            79.0290262,
            21.1682076
          ],
          [
            79.0290979,
            21.1681556
          ],
          [
            79.0291736,
            21.1681816
          ],
          [
            79.0295559,
            21.1685047
          ],
          [
            79.0295838,
            21.1686941
          ],
          [
            79.0298148,
            21.1688687
          ],
          [
            79.0299342,
            21.1692586
          ],
          [
            79.0302249,
            21.1694406
          ],
          [
            79.0303962,
            21.1694369
          ],
          [
            79.030882,
            21.1691732
          ],
          [
            79.0310294,
            21.1691398
          ],
          [
            79.0313062,
            21.1692232
          ],
          [
            79.0314854,
            21.1693699
          ],
          [
            79.0315724,
            21.1695192
          ],
          [
            79.0316175,
            21.1696006
          ],
          [
            79.0317005,
            21.1696702
          ],
          [
            79.0318047,
            21.169728
          ],
          [
            79.0319441,
            21.1697214
          ],
          [
            79.0320385,
            21.1696492
          ],
          [
            79.0321427,
            21.1695652
          ],
          [
            79.0322412,
            21.1694969
          ],
          [
            79.0323609,
            21.1694943
          ],
          [
            79.0324454,
            21.1695074
          ],
          [
            79.0332208,
            21.170041
          ],
          [
            79.0333881,
            21.1704012
          ],
          [
            79.0338222,
            21.170806
          ],
          [
            79.0340651,
            21.1709248
          ],
          [
            79.0344992,
            21.1711439
          ],
          [
            79.034535,
            21.1712256
          ],
          [
            79.0346346,
            21.1714484
          ],
          [
            79.0346983,
            21.1715116
          ],
          [
            79.034766,
            21.1715078
          ],
          [
            79.0350368,
            21.1713964
          ],
          [
            79.0354669,
            21.1713184
          ],
          [
            79.0358412,
            21.1713593
          ],
          [
            79.0360793,
            21.1714521
          ],
          [
            79.0361081,
            21.1714707
          ],
          [
            79.0365302,
            21.1714373
          ],
          [
            79.0369046,
            21.1712107
          ],
          [
            79.0372948,
            21.1711996
          ],
          [
            79.0377448,
            21.1714596
          ],
          [
            79.0381072,
            21.1715858
          ],
          [
            79.0383143,
            21.1715598
          ],
          [
            79.0385573,
            21.1716452
          ],
          [
            79.0387377,
            21.1717333
          ],
          [
            79.0390989,
            21.1720203
          ],
          [
            79.0395728,
            21.1720946
          ],
          [
            79.0399033,
            21.17244
          ],
          [
            79.039971,
            21.1726851
          ],
          [
            79.0406321,
            21.1732309
          ],
          [
            79.0411777,
            21.1738474
          ],
          [
            79.0418189,
            21.1744936
          ],
          [
            79.0424242,
            21.1752845
          ],
          [
            79.0427587,
            21.1757896
          ],
          [
            79.0428543,
            21.1759344
          ],
          [
            79.042918,
            21.1761869
          ],
          [
            79.0430375,
            21.176328
          ],
          [
            79.0434238,
            21.1765471
          ],
          [
            79.0437304,
            21.1769111
          ],
          [
            79.0439096,
            21.177067
          ],
          [
            79.0443955,
            21.177598
          ],
          [
            79.0444114,
            21.1776537
          ],
          [
            79.0443477,
            21.1779248
          ],
          [
            79.0443079,
            21.1784224
          ],
          [
            79.0443517,
            21.1788421
          ],
          [
            79.0444178,
            21.1789585
          ]
        ]
      },
      "properties": {
        "osm_id": 143748506,
        "name": "Pivli Nadi",
        "waterway_type": "river",
        "intermittent": "no"
      }
    },
    {
      "type": "Feature",
      "geometry": {
        "type": "LineString",
        "coordinates": [
          [
            79.0805948,
            21.1961037
          ],
          [
            79.0816568,
            21.1959859
          ],
          [
            79.0817799,
            21.1959135
          ],
          [
            79.0818835,
            21.1957172
          ],
          [
            79.0819126,
            21.1956176
          ],
          [
            79.0819903,
            21.1955844
          ],
          [
            79.0825473,
            21.1955603
          ],
          [
            79.0826347,
            21.1956357
          ],
          [
            79.0831949,
            21.1958833
          ],
          [
            79.0832531,
            21.1959557
          ],
          [
            79.0832628,
            21.1963935
          ],
          [
            79.0832888,
            21.1965052
          ],
          [
            79.0836579,
            21.1966833
          ],
          [
            79.0837906,
            21.1967256
          ],
          [
            79.0841112,
            21.1970063
          ],
          [
            79.0844415,
            21.1971784
          ],
          [
            79.0848365,
            21.1975075
          ],
          [
            79.0848462,
            21.1976765
          ],
          [
            79.0850632,
            21.197755
          ],
          [
            79.0851894,
            21.1978788
          ],
          [
            79.0853157,
            21.1978214
          ],
          [
            79.0855489,
            21.1977188
          ],
          [
            79.0857237,
            21.197758
          ],
          [
            79.0859763,
            21.1978607
          ],
          [
            79.0868052,
            21.1981022
          ],
          [
            79.0870966,
            21.1980871
          ],
          [
            79.0875823,
            21.1980599
          ],
          [
            79.0876535,
            21.1979512
          ],
          [
            79.0877215,
            21.1977882
          ],
          [
            79.0878122,
            21.1977037
          ],
          [
            79.0881878,
            21.197761
          ],
          [
            79.0883562,
            21.1977037
          ],
          [
            79.0885893,
            21.1973958
          ],
          [
            79.0888937,
            21.1971784
          ],
          [
            79.0892851,
            21.1969735
          ]
        ]
      },
      "properties": {
        "osm_id": 143748508,
        "name": "unnamed",
        "waterway_type": "drain",
        "intermittent": "no"
      }
    },
    {
      "type": "Feature",
      "geometry": {
        "type": "LineString",
        "coordinates": [
          [
            78.8694204,
            21.1487217
          ],
          [
            78.872039,
            21.1428961
          ],
          [
            78.8699449,
            21.1401667
          ],
          [
            78.8704845,
            21.1388697
          ],
          [
            78.871125,
            21.1379362
          ],
          [
            78.8714253,
            21.1373201
          ],
          [
            78.8714853,
            21.1368207
          ],
          [
            78.8712401,
            21.1364333
          ],
          [
            78.8709522,
            21.1359814
          ],
          [
            78.8710729,
            21.1354158
          ],
          [
            78.8714532,
            21.1350331
          ],
          [
            78.8722239,
            21.1347344
          ],
          [
            78.8739253,
            21.1340622
          ],
          [
            78.8760888,
            21.1311725
          ],
          [
            78.878096,
            21.1301042
          ],
          [
            78.8791572,
            21.1295393
          ],
          [
            78.8801982,
            21.1281428
          ],
          [
            78.880742,
            21.1279191
          ],
          [
            78.8818006,
            21.1278427
          ],
          [
            78.8824205,
            21.1273736
          ],
          [
            78.8829293,
            21.1249624
          ],
          [
            78.8825935,
            21.1222554
          ],
          [
            78.8826603,
            21.1218748
          ],
          [
            78.8834147,
            21.1211765
          ],
          [
            78.8844147,
            21.120751
          ],
          [
            78.8859627,
            21.1207611
          ],
          [
            78.8887773,
            21.1200469
          ],
          [
            78.8902303,
            21.1182029
          ],
          [
            78.8913454,
            21.1175015
          ],
          [
            78.8931026,
            21.1179428
          ],
          [
            78.894243,
            21.1190224
          ],
          [
            78.8950709,
            21.1192273
          ],
          [
            78.8961606,
            21.1187072
          ],
          [
            78.8970561,
            21.1185338
          ],
          [
            78.8989822,
            21.1193849
          ],
          [
            78.9002071,
            21.1196844
          ],
          [
            78.9017348,
            21.1195456
          ],
          [
            78.902871,
            21.1193025
          ],
          [
            78.9039845,
            21.1199921
          ],
          [
            78.9047859,
            21.121014
          ],
          [
            78.9055505,
            21.1214598
          ],
          [
            78.9060651,
            21.1214666
          ],
          [
            78.9071974,
            21.1208768
          ],
          [
            78.9095207,
            21.1217067
          ],
          [
            78.9100794,
            21.1223445
          ],
          [
            78.9106014,
            21.1226188
          ],
          [
            78.9111455,
            21.1224679
          ],
          [
            78.9117999,
            21.1215489
          ],
          [
            78.9126009,
            21.1197487
          ],
          [
            78.9127189,
            21.1183667
          ],
          [
            78.9134944,
            21.1176178
          ],
          [
            78.9135334,
            21.1175801
          ],
          [
            78.9148363,
            21.1171733
          ],
          [
            78.9160053,
            21.1166178
          ],
          [
            78.9165494,
            21.1165903
          ],
          [
            78.9168655,
            21.1170498
          ],
          [
            78.9170052,
            21.1175094
          ],
          [
            78.9176449,
            21.1177768
          ],
          [
            78.9183658,
            21.1175514
          ],
          [
            78.918983,
            21.1167687
          ],
          [
            78.9193506,
            21.1164737
          ],
          [
            78.9199681,
            21.1165423
          ],
          [
            78.9203946,
            21.1169401
          ],
          [
            78.9203725,
            21.1177768
          ],
          [
            78.9204975,
            21.1182295
          ],
          [
            78.9207994,
            21.1183332
          ],
          [
            78.9223948,
            21.1171742
          ],
          [
            78.923255,
            21.117085
          ],
          [
            78.9239608,
            21.1175582
          ],
          [
            78.9245637,
            21.1193208
          ],
          [
            78.9249728,
            21.1197286
          ],
          [
            78.9260121,
            21.1197872
          ],
          [
            78.9272546,
            21.1189368
          ],
          [
            78.9292372,
            21.1180127
          ],
          [
            78.9321071,
            21.1167352
          ],
          [
            78.9330408,
            21.1153978
          ],
          [
            78.933129,
            21.1147119
          ],
          [
            78.9325114,
            21.1133471
          ],
          [
            78.9326996,
            21.1117092
          ],
          [
            78.9322879,
            21.1106118
          ],
          [
            78.9317585,
            21.1093223
          ],
          [
            78.9318721,
            21.1079312
          ],
          [
            78.932055,
            21.1069869
          ],
          [
            78.9326268,
            21.106331
          ],
          [
            78.9341181,
            21.1057183
          ],
          [
            78.9349362,
            21.1057569
          ],
          [
            78.9349841,
            21.1057592
          ],
          [
            78.9360729,
            21.1055957
          ],
          [
            78.9371238,
            21.1050983
          ],
          [
            78.9382163,
            21.1053049
          ],
          [
            78.9391986,
            21.1057527
          ],
          [
            78.9403705,
            21.1056069
          ],
          [
            78.9410792,
            21.1049977
          ],
          [
            78.9418829,
            21.1034983
          ],
          [
            78.9417043,
            21.1028683
          ],
          [
            78.9417253,
            21.1022982
          ],
          [
            78.9420834,
            21.1015501
          ],
          [
            78.9419744,
            21.1005912
          ],
          [
            78.9421552,
            21.0997081
          ],
          [
            78.9427219,
            21.0991312
          ],
          [
            78.9434304,
            21.0989496
          ],
          [
            78.9441155,
            21.0992983
          ],
          [
            78.9450031,
            21.0994799
          ],
          [
            78.9454936,
            21.0993128
          ],
          [
            78.9459218,
            21.0989642
          ],
          [
            78.9472194,
            21.0963235
          ],
          [
            78.9475608,
            21.0954282
          ],
          [
            78.9478561,
            21.0937753
          ],
          [
            78.9484466,
            21.0929574
          ],
          [
            78.9496092,
            21.0915111
          ],
          [
            78.9501444,
            21.0911237
          ],
          [
            78.9503858,
            21.0906704
          ],
          [
            78.9503382,
            21.0895568
          ],
          [
            78.9491202,
            21.0883085
          ],
          [
            78.9491848,
            21.0876198
          ],
          [
            78.949803,
            21.0871721
          ],
          [
            78.9507073,
            21.0871721
          ],
          [
            78.9516392,
            21.0870308
          ],
          [
            78.9529033,
            21.0866261
          ],
          [
            78.9543889,
            21.0855535
          ],
          [
            78.9570002,
            21.0845979
          ],
          [
            78.9581507,
            21.0844557
          ],
          [
            78.9586271,
            21.0846244
          ],
          [
            78.9590512,
            21.0845148
          ],
          [
            78.9594231,
            21.083766
          ],
          [
            78.9593644,
            21.0830111
          ],
          [
            78.9595095,
            21.0823124
          ],
          [
            78.9605608,
            21.0813632
          ],
          [
            78.9607827,
            21.0807666
          ],
          [
            78.9607305,
            21.0792689
          ],
          [
            78.9612394,
            21.0781974
          ],
          [
            78.9618788,
            21.0776739
          ],
          [
            78.9636332,
            21.0770912
          ],
          [
            78.9648671,
            21.0762249
          ],
          [
            78.965474,
            21.0752001
          ],
          [
            78.9657347,
            21.07495
          ],
          [
            78.9664984,
            21.07449
          ],
          [
            78.9675733,
            21.0741155
          ],
          [
            78.9693357,
            21.0733019
          ],
          [
            78.9704568,
            21.0725958
          ],
          [
            78.971541,
            21.0716444
          ],
          [
            78.9735976,
            21.0712903
          ],
          [
            78.9757429,
            21.0704034
          ],
          [
            78.9766677,
            21.0697049
          ],
          [
            78.9783265,
            21.0672049
          ],
          [
            78.9789888,
            21.0657489
          ],
          [
            78.9795517,
            21.0651375
          ],
          [
            78.9801422,
            21.0648964
          ],
          [
            78.9809266,
            21.0651978
          ],
          [
            78.9818437,
            21.0650776
          ],
          [
            78.9829289,
            21.0645778
          ],
          [
            78.9835748,
            21.0632518
          ],
          [
            78.9840154,
            21.0611727
          ],
          [
            78.9845109,
            21.060036
          ],
          [
            78.98473,
            21.0594362
          ],
          [
            78.9847884,
            21.0587136
          ],
          [
            78.9848323,
            21.0579366
          ],
          [
            78.9848907,
            21.0566687
          ],
          [
            78.9850806,
            21.056137
          ],
          [
            78.9852705,
            21.0556734
          ],
          [
            78.9857088,
            21.0550736
          ],
          [
            78.9864976,
            21.054201
          ],
          [
            78.9878416,
            21.0522242
          ],
          [
            78.9878562,
            21.0517606
          ],
          [
            78.9873596,
            21.0506427
          ],
          [
            78.9875203,
            21.0501655
          ],
          [
            78.9876371,
            21.0494429
          ],
          [
            78.9875203,
            21.0487612
          ],
          [
            78.9874034,
            21.0481068
          ],
          [
            78.9874472,
            21.0476432
          ],
          [
            78.9876371,
            21.0472478
          ],
          [
            78.9878709,
            21.0467707
          ],
          [
            78.9881338,
            21.0465252
          ],
          [
            78.9889811,
            21.0464298
          ],
          [
            78.9900768,
            21.046907
          ],
          [
            78.9909387,
            21.0474387
          ],
          [
            78.9919613,
            21.0475069
          ],
          [
            78.9926917,
            21.047466
          ],
          [
            78.9937174,
            21.0475046
          ],
          [
            78.9943894,
            21.0475523
          ],
          [
            78.9950613,
            21.0475114
          ],
          [
            78.9956238,
            21.0472728
          ],
          [
            78.9959817,
            21.0468024
          ],
          [
            78.9962227,
            21.0463729
          ],
          [
            78.9970846,
            21.0454458
          ],
          [
            78.9973403,
            21.0448868
          ],
          [
            78.9974353,
            21.04458
          ],
          [
            78.997428,
            21.0442733
          ],
          [
            78.9974206,
            21.0437483
          ],
          [
            78.9973768,
            21.0431075
          ],
          [
            78.9972015,
            21.0426712
          ],
          [
            78.9969166,
            21.0423713
          ],
          [
            78.9965807,
            21.0420781
          ],
          [
            78.9962958,
            21.04186
          ],
          [
            78.9959013,
            21.0414577
          ],
          [
            78.9958356,
            21.0412123
          ],
          [
            78.9957626,
            21.0408715
          ],
          [
            78.9958575,
            21.0406328
          ],
          [
            78.9961205,
            21.0402511
          ],
          [
            78.9964565,
            21.0398966
          ],
          [
            78.9968144,
            21.039583
          ],
          [
            78.9971504,
            21.0393239
          ],
          [
            78.9974426,
            21.039058
          ],
          [
            78.9978516,
            21.0386831
          ],
          [
            78.9981584,
            21.03809
          ],
          [
            78.9982606,
            21.0377423
          ],
          [
            78.9982606,
            21.0373946
          ],
          [
            78.9980707,
            21.0370401
          ],
          [
            78.9978589,
            21.036781
          ],
          [
            78.9970846,
            21.0357379
          ],
          [
            78.9969824,
            21.0354516
          ],
          [
            78.9970773,
            21.0343199
          ],
          [
            78.9972161,
            21.033604
          ],
          [
            78.9973622,
            21.0324859
          ],
          [
            78.9973549,
            21.031995
          ],
          [
            78.9973549,
            21.0317223
          ],
          [
            78.9976617,
            21.0307133
          ],
          [
            78.9983921,
            21.030052
          ],
          [
            78.9993636,
            21.0290293
          ],
          [
            78.9997529,
            21.0287523
          ],
          [
            79.0002041,
            21.028481
          ],
          [
            79.0008158,
            21.0282521
          ],
          [
            79.0015111,
            21.0281703
          ],
          [
            79.0029062,
            21.0283475
          ],
          [
            79.0032787,
            21.0284771
          ],
          [
            79.0037535,
            21.0284157
          ],
          [
            79.0041772,
            21.0281975
          ],
          [
            79.0044401,
            21.0278498
          ],
          [
            79.0046154,
            21.0272976
          ],
          [
            79.0045351,
            21.0267999
          ],
          [
            79.0042429,
            21.026309
          ],
          [
            79.0038339,
            21.0257635
          ],
          [
            79.0035417,
            21.0252453
          ],
          [
            79.0025556,
            21.0237113
          ],
          [
            79.0017184,
            21.0222555
          ],
          [
            79.0014089,
            21.0214387
          ],
          [
            79.0010141,
            21.0209905
          ],
          [
            79.000822,
            21.0208511
          ],
          [
            79.0001284,
            21.0204925
          ],
          [
            78.9994455,
            21.0204526
          ],
          [
            78.9988266,
            21.0205224
          ],
          [
            78.9982397,
            21.0206718
          ],
          [
            78.9977702,
            21.0207116
          ],
          [
            78.9969912,
            21.0204726
          ],
          [
            78.9968738,
            21.0201239
          ],
          [
            78.9967778,
            21.0195263
          ],
          [
            78.9967351,
            21.0191279
          ],
          [
            78.9969485,
            21.0187294
          ],
          [
            78.99729,
            21.0184206
          ],
          [
            78.9978555,
            21.018331
          ],
          [
            78.9983357,
            21.0182413
          ],
          [
            78.9993174,
            21.0180919
          ],
          [
            79.0005232,
            21.0179624
          ],
          [
            79.0014623,
            21.0178828
          ],
          [
            79.00238,
            21.0176835
          ],
          [
            79.0030202,
            21.017305
          ],
          [
            79.0037565,
            21.0168867
          ],
          [
            79.0040873,
            21.016548
          ],
          [
            79.004322,
            21.0161595
          ],
          [
            79.0044394,
            21.0157013
          ],
          [
            79.0044714,
            21.0150837
          ],
          [
            79.0043434,
            21.0141872
          ],
          [
            79.0038952,
            21.0130019
          ],
          [
            79.0036284,
            21.0125636
          ],
          [
            79.0033083,
            21.0122647
          ],
          [
            79.0027108,
            21.0120555
          ],
          [
            79.0022946,
            21.0120057
          ],
          [
            79.0017397,
            21.0120854
          ],
          [
            79.0007793,
            21.0126931
          ],
          [
            79.0003952,
            21.0131214
          ],
          [
            78.9998723,
            21.0132509
          ],
          [
            78.9993174,
            21.0130815
          ],
          [
            78.9989333,
            21.0127827
          ],
          [
            78.9986132,
            21.0125138
          ],
          [
            78.9984318,
            21.0122747
          ],
          [
            78.9983144,
            21.0119758
          ],
          [
            78.998165,
            21.011428
          ],
          [
            78.9982077,
            21.0111291
          ],
          [
            78.9983997,
            21.010661
          ],
          [
            78.9993388,
            21.0101031
          ],
          [
            79.0000857,
            21.0094755
          ],
          [
            79.0007473,
            21.0090173
          ],
          [
            79.0023266,
            21.0075331
          ],
          [
            79.0029455,
            21.0069354
          ],
          [
            79.0032863,
            21.0063965
          ],
          [
            79.0036604,
            21.0060664
          ],
          [
            79.0042377,
            21.0061169
          ],
          [
            79.0051117,
            21.0063078
          ],
          [
            79.0056666,
            21.0061085
          ],
          [
            79.0060187,
            21.0059093
          ],
          [
            79.0064882,
            21.0055407
          ],
          [
            79.0066483,
            21.0052419
          ],
          [
            79.0067334,
            21.0049243
          ],
          [
            79.0068404,
            21.0045246
          ],
          [
            79.006755,
            21.0034189
          ],
          [
            79.0066163,
            21.0025223
          ],
          [
            79.0060614,
            21.0014265
          ],
          [
            79.0057199,
            21.0009384
          ],
          [
            79.0056452,
            21.0007391
          ],
          [
            79.0056986,
            21.0004004
          ],
          [
            79.005912,
            21.0001215
          ],
          [
            79.0064349,
            20.9999222
          ],
          [
            79.0066483,
            20.9996632
          ],
          [
            79.0071285,
            20.9982486
          ],
          [
            79.0070111,
            20.9976409
          ],
          [
            79.0069044,
            20.9969834
          ],
          [
            79.0064989,
            20.995768
          ],
          [
            79.0065736,
            20.9953795
          ],
          [
            79.006723,
            20.9949511
          ],
          [
            79.0069577,
            20.9946821
          ],
          [
            79.0073526,
            20.9943932
          ],
          [
            79.0077367,
            20.9941541
          ],
          [
            79.0082062,
            20.9934567
          ],
          [
            79.0083129,
            20.9923509
          ],
          [
            79.0078861,
            20.9907867
          ],
          [
            79.0074166,
            20.9898901
          ],
          [
            79.0067763,
            20.9897108
          ],
          [
            79.0062214,
            20.9897207
          ],
          [
            79.0051224,
            20.9896709
          ],
          [
            79.0036818,
            20.9893322
          ],
          [
            79.0031483,
            20.9888639
          ],
          [
            79.0029669,
            20.988585
          ],
          [
            79.00254,
            20.9878178
          ],
          [
            79.0016437,
            20.9858551
          ],
          [
            79.0018037,
            20.9836633
          ],
          [
            79.0017077,
            20.9831452
          ],
          [
            79.001761,
            20.9813917
          ],
          [
            79.0020492,
            20.9808337
          ],
          [
            79.0022946,
            20.9804152
          ],
          [
            79.0025293,
            20.9800267
          ],
          [
            79.0027321,
            20.9792894
          ],
          [
            79.0027214,
            20.9787115
          ],
          [
            79.0020812,
            20.9777251
          ],
          [
            79.0015796,
            20.9772568
          ],
          [
            79.0008434,
            20.9767985
          ],
          [
            78.999979,
            20.9766391
          ],
          [
            78.9987305,
            20.9763402
          ],
          [
            78.9968098,
            20.9756228
          ],
          [
            78.9960522,
            20.9746762
          ],
          [
            78.9950598,
            20.9734706
          ],
          [
            78.9941954,
            20.9724643
          ],
          [
            78.9939393,
            20.9715775
          ],
          [
            78.993854,
            20.9708601
          ],
          [
            78.9936939,
            20.9704814
          ],
          [
            78.9935445,
            20.9702822
          ],
          [
            78.9927656,
            20.970053
          ],
          [
            78.9922747,
            20.9700331
          ],
          [
            78.9916558,
            20.9699534
          ],
          [
            78.9910476,
            20.9698139
          ],
          [
            78.9904927,
            20.9695448
          ],
          [
            78.9899058,
            20.9690964
          ],
          [
            78.9889774,
            20.9682993
          ],
          [
            78.9884759,
            20.9677911
          ],
          [
            78.9884866,
            20.9673129
          ],
          [
            78.9886253,
            20.9667947
          ],
          [
            78.988732,
            20.9663164
          ],
          [
            78.988796,
            20.9657285
          ],
          [
            78.9888387,
            20.9651805
          ],
          [
            78.988796,
            20.9643036
          ],
          [
            78.9881238,
            20.9624502
          ],
          [
            78.9881344,
            20.9615933
          ],
          [
            78.9881451,
            20.9613641
          ],
          [
            78.9884119,
            20.9606068
          ],
          [
            78.9886253,
            20.9600886
          ],
          [
            78.9889134,
            20.9596502
          ],
          [
            78.9892335,
            20.9593412
          ],
          [
            78.9897137,
            20.9589726
          ],
          [
            78.9900872,
            20.9584544
          ],
          [
            78.9905567,
            20.9572287
          ],
          [
            78.9907274,
            20.9567205
          ],
          [
            78.9907701,
            20.956013
          ],
          [
            78.9905033,
            20.9554151
          ],
          [
            78.9901832,
            20.9550464
          ],
          [
            78.9895857,
            20.9548172
          ],
          [
            78.9884652,
            20.9544186
          ],
          [
            78.9878783,
            20.9541595
          ],
          [
            78.9870033,
            20.9537409
          ],
          [
            78.9856481,
            20.9530035
          ],
          [
            78.984453,
            20.9524853
          ],
          [
            78.9835033,
            20.9517579
          ],
          [
            78.9832407,
            20.9513531
          ]
        ]
      },
      "properties": {
        "osm_id": 150333345,
        "name": "Vena",
        "waterway_type": "river",
        "intermittent": "no"
      }
    },
    {
      "type": "Feature",
      "geometry": {
        "type": "LineString",
        "coordinates": [
          [
            79.0588075,
            21.160991
          ],
          [
            79.0590143,
            21.1601763
          ],
          [
            79.0594616,
            21.1580748
          ],
          [
            79.0594969,
            21.1578525
          ]
        ]
      },
      "properties": {
        "osm_id": 162029068,
        "name": "unnamed",
        "waterway_type": "stream",
        "intermittent": "no"
      }
    },
    {
      "type": "Feature",
      "geometry": {
        "type": "LineString",
        "coordinates": [
          [
            79.1697884,
            21.2686578
          ],
          [
            79.1711238,
            21.2641278
          ],
          [
            79.1754523,
            21.2555056
          ],
          [
            79.1748056,
            21.2534565
          ],
          [
            79.1728656,
            21.2516484
          ],
          [
            79.1676923,
            21.2510457
          ],
          [
            79.164071,
            21.2526127
          ],
          [
            79.1617107,
            21.2531551
          ],
          [
            79.159415,
            21.2530096
          ],
          [
            79.1580247,
            21.2505687
          ],
          [
            79.1584774,
            21.2488511
          ],
          [
            79.1602234,
            21.2480977
          ],
          [
            79.162907,
            21.2453554
          ],
          [
            79.1649763,
            21.2444211
          ],
          [
            79.1680803,
            21.2418596
          ],
          [
            79.169891,
            21.2416185
          ],
          [
            79.170958,
            21.2417993
          ],
          [
            79.1740296,
            21.2433664
          ],
          [
            79.1811429,
            21.2469224
          ],
          [
            79.1825333,
            21.2464101
          ],
          [
            79.1910369,
            21.2417993
          ],
          [
            79.1919422,
            21.2399007
          ],
          [
            79.1963072,
            21.2304374
          ],
          [
            79.1977299,
            21.2293223
          ],
          [
            79.2051018,
            21.2268207
          ],
          [
            79.2108895,
            21.2266097
          ],
          [
            79.2147048,
            21.2274536
          ],
          [
            79.2177764,
            21.2290209
          ],
          [
            79.2207552,
            21.2299811
          ],
          [
            79.2235077,
            21.2292447
          ],
          [
            79.2258861,
            21.2281945
          ],
          [
            79.227847,
            21.2267042
          ],
          [
            79.229267,
            21.2254781
          ],
          [
            79.230257,
            21.2223299
          ],
          [
            79.2307122,
            21.2210545
          ],
          [
            79.2319525,
            21.2199299
          ],
          [
            79.2321,
            21.2180197
          ],
          [
            79.2327902,
            21.2153427
          ],
          [
            79.234234,
            21.2125339
          ],
          [
            79.2352364,
            21.2106048
          ],
          [
            79.236659,
            21.2082536
          ],
          [
            79.2374673,
            21.2078316
          ],
          [
            79.2380493,
            21.2075302
          ],
          [
            79.238114,
            21.2064148
          ],
          [
            79.239472,
            21.2026167
          ],
          [
            79.240636,
            21.2015616
          ],
          [
            79.242285,
            21.2005367
          ],
          [
            79.2435783,
            21.1995419
          ],
          [
            79.245486,
            21.1990897
          ],
          [
            79.2473613,
            21.1980347
          ],
          [
            79.248978,
            21.1977332
          ],
          [
            79.2504976,
            21.1975523
          ],
          [
            79.2525993,
            21.1972509
          ],
          [
            79.2545069,
            21.1961958
          ],
          [
            79.2590012,
            21.1965274
          ],
          [
            79.2619759,
            21.198306
          ],
          [
            79.2633016,
            21.2001147
          ],
          [
            79.2647566,
            21.2026167
          ],
          [
            79.2648859,
            21.2045158
          ],
          [
            79.2663074,
            21.2067348
          ],
          [
            79.2670199,
            21.2088263
          ],
          [
            79.2698975,
            21.211509
          ],
          [
            79.2713202,
            21.2119612
          ],
          [
            79.2733895,
            21.2122023
          ],
          [
            79.2742625,
            21.2119913
          ],
          [
            79.2757822,
            21.2112076
          ],
          [
            79.2771078,
            21.2090976
          ],
          [
            79.2777222,
            21.2071383
          ],
          [
            79.2773988,
            21.2054201
          ],
          [
            79.2776898,
            21.2040335
          ],
          [
            79.2784012,
            21.2020138
          ],
          [
            79.2790802,
            21.1986074
          ],
          [
            79.2792418,
            21.1963767
          ],
          [
            79.2789832,
            21.1943267
          ],
          [
            79.2785952,
            21.1925481
          ],
          [
            79.2784335,
            21.1910106
          ],
          [
            79.2794358,
            21.1904077
          ],
          [
            79.2804058,
            21.1896842
          ],
          [
            79.2816991,
            21.1887797
          ],
          [
            79.2839625,
            21.1882371
          ],
          [
            79.2852881,
            21.1881165
          ],
          [
            79.2872604,
            21.1885687
          ],
          [
            79.2875191,
            21.1901967
          ],
          [
            79.2886831,
            21.1916738
          ],
          [
            79.2909141,
            21.1928496
          ],
          [
            79.2919164,
            21.1951407
          ],
          [
            79.2918194,
            21.1966781
          ],
          [
            79.2924014,
            21.1980648
          ],
          [
            79.2956347,
            21.1991802
          ],
          [
            79.2995794,
            21.1994213
          ],
          [
            79.301584,
            21.1988184
          ],
          [
            79.3044294,
            21.1974016
          ],
          [
            79.3064987,
            21.1946583
          ],
          [
            79.3067897,
            21.19294
          ],
          [
            79.3080184,
            21.1891716
          ],
          [
            79.3092793,
            21.1880562
          ],
          [
            79.3108637,
            21.1879055
          ],
          [
            79.312254,
            21.187604
          ],
          [
            79.3133857,
            21.1863378
          ],
          [
            79.316037,
            21.1846796
          ],
          [
            79.320014,
            21.1833531
          ],
          [
            79.3213396,
            21.1832325
          ],
          [
            79.3230533,
            21.1825391
          ],
          [
            79.3250256,
            21.1803684
          ],
          [
            79.3258663,
            21.17868
          ],
          [
            79.3275799,
            21.1768711
          ],
          [
            79.3283883,
            21.1764791
          ],
          [
            79.3300049,
            21.1737355
          ],
          [
            79.3306839,
            21.1701777
          ],
          [
            79.3310396,
            21.167645
          ],
          [
            79.3322682,
            21.166258
          ],
          [
            79.3338202,
            21.165655
          ],
          [
            79.3373769,
            21.1645996
          ],
          [
            79.3398989,
            21.1644489
          ],
          [
            79.3436495,
            21.1650821
          ],
          [
            79.3456542,
            21.1662881
          ],
          [
            79.3487582,
            21.1696651
          ],
          [
            79.3486612,
            21.1701777
          ],
          [
            79.3486612,
            21.1712631
          ],
          [
            79.3491138,
            21.1726199
          ],
          [
            79.3501808,
            21.1741274
          ],
          [
            79.3534038,
            21.1771419
          ],
          [
            79.3564211,
            21.1797654
          ],
          [
            79.3604304,
            21.1809714
          ],
          [
            79.3625644,
            21.1808809
          ],
          [
            79.3642781,
            21.1794036
          ],
          [
            79.3647308,
            21.1778057
          ],
          [
            79.3646984,
            21.1748812
          ],
          [
            79.3638578,
            21.1705697
          ],
          [
            79.3648924,
            21.1679163
          ],
          [
            79.3665738,
            21.1659263
          ],
          [
            79.3700011,
            21.1547094
          ],
          [
            79.3716177,
            21.1524176
          ],
          [
            79.3748187,
            21.1502465
          ],
          [
            79.3793908,
            21.1480312
          ],
          [
            79.3845578,
            21.1473915
          ],
          [
            79.3885474,
            21.146762
          ],
          [
            79.390868,
            21.1444062
          ],
          [
            79.3914201,
            21.1434798
          ],
          [
            79.3918646,
            21.1423196
          ],
          [
            79.3919532,
            21.1405857
          ],
          [
            79.391371,
            21.1382648
          ],
          [
            79.3906851,
            21.1361323
          ],
          [
            79.3899535,
            21.1348102
          ],
          [
            79.3901499,
            21.1323352
          ],
          [
            79.3907493,
            21.1299686
          ],
          [
            79.3918071,
            21.1260635
          ],
          [
            79.3928015,
            21.1238551
          ],
          [
            79.3944588,
            21.1191731
          ],
          [
            79.3942694,
            21.1180247
          ],
          [
            79.3949796,
            21.1153303
          ],
          [
            79.3943167,
            21.1135634
          ],
          [
            79.3956425,
            21.1124592
          ],
          [
            79.3969957,
            21.111545
          ],
          [
            79.3994462,
            21.1097384
          ]
        ]
      },
      "properties": {
        "osm_id": 169804026,
        "name": "Kanhan",
        "waterway_type": "river",
        "intermittent": "no"
      }
    },
    {
      "type": "Feature",
      "geometry": {
        "type": "LineString",
        "coordinates": [
          [
            78.9153567,
            21.0692203
          ],
          [
            78.9157888,
            21.0699123
          ],
          [
            78.916189,
            21.0700518
          ],
          [
            78.9165288,
            21.0700483
          ],
          [
            78.9170747,
            21.0702907
          ],
          [
            78.9173468,
            21.0704799
          ],
          [
            78.9175975,
            21.070684
          ],
          [
            78.917955,
            21.0708185
          ],
          [
            78.9185205,
            21.0709529
          ],
          [
            78.918878,
            21.0710973
          ],
          [
            78.9193742,
            21.0713313
          ],
          [
            78.919721,
            21.0715155
          ],
          [
            78.9207241,
            21.0717246
          ],
          [
            78.9210709,
            21.0718192
          ],
          [
            78.921343,
            21.0720283
          ],
          [
            78.9215564,
            21.0722872
          ],
          [
            78.9219619,
            21.0725212
          ],
          [
            78.9226288,
            21.0728597
          ],
          [
            78.9228049,
            21.0729244
          ],
          [
            78.9231303,
            21.0729194
          ],
          [
            78.9233064,
            21.0727103
          ],
          [
            78.9234985,
            21.0726357
          ],
          [
            78.9237973,
            21.0726357
          ],
          [
            78.9241867,
            21.0727402
          ],
          [
            78.9243521,
            21.0728995
          ],
          [
            78.9244962,
            21.0731335
          ],
          [
            78.9246509,
            21.0733426
          ],
          [
            78.9252805,
            21.0739052
          ],
          [
            78.9256647,
            21.0743583
          ],
          [
            78.9258727,
            21.0744578
          ],
          [
            78.9260435,
            21.0747217
          ],
          [
            78.9263209,
            21.0751399
          ],
          [
            78.926481,
            21.075334
          ],
          [
            78.9268865,
            21.0755879
          ],
          [
            78.9270465,
            21.0756676
          ],
          [
            78.927548,
            21.0759862
          ],
          [
            78.9279322,
            21.0759315
          ],
          [
            78.9281509,
            21.0759912
          ],
          [
            78.9283857,
            21.0761804
          ],
          [
            78.928407,
            21.0764044
          ],
          [
            78.9283964,
            21.076743
          ],
          [
            78.9286365,
            21.0770964
          ],
          [
            78.9288552,
            21.0772358
          ],
          [
            78.9291487,
            21.0773105
          ],
          [
            78.9295115,
            21.0773254
          ],
          [
            78.9299116,
            21.0771163
          ],
          [
            78.9304772,
            21.0767728
          ],
          [
            78.9309627,
            21.0767181
          ],
          [
            78.9316296,
            21.0767031
          ],
          [
            78.9322539,
            21.0768077
          ],
          [
            78.9327234,
            21.0768226
          ],
          [
            78.9331022,
            21.0769371
          ],
          [
            78.933513,
            21.0771213
          ],
          [
            78.9339559,
            21.0773503
          ],
          [
            78.9345481,
            21.0778432
          ],
          [
            78.935231,
            21.0783908
          ],
          [
            78.9358393,
            21.0787493
          ],
          [
            78.9365382,
            21.0788239
          ],
          [
            78.9367623,
            21.078804
          ],
          [
            78.9371571,
            21.0788239
          ],
          [
            78.9376106,
            21.0789534
          ],
          [
            78.938491,
            21.079262
          ],
          [
            78.9387951,
            21.0796304
          ],
          [
            78.9390565,
            21.0798047
          ],
          [
            78.9392806,
            21.0797947
          ],
          [
            78.9394247,
            21.0797947
          ],
          [
            78.9394994,
            21.0800237
          ],
          [
            78.939462,
            21.0802527
          ],
          [
            78.9394833,
            21.0804718
          ],
          [
            78.9396167,
            21.0806062
          ],
          [
            78.9399208,
            21.0806211
          ],
          [
            78.9403584,
            21.0804668
          ],
          [
            78.9406891,
            21.0800785
          ],
          [
            78.9409239,
            21.0796952
          ],
          [
            78.9415588,
            21.0792322
          ],
          [
            78.9420337,
            21.0791077
          ],
          [
            78.9423271,
            21.0791475
          ],
          [
            78.9427913,
            21.0793417
          ],
          [
            78.9433195,
            21.0796255
          ],
          [
            78.943869,
            21.0797499
          ],
          [
            78.9443706,
            21.0797549
          ],
          [
            78.9448454,
            21.0798644
          ],
          [
            78.9452563,
            21.0798644
          ],
          [
            78.9455657,
            21.0799192
          ],
          [
            78.9457098,
            21.0799242
          ],
          [
            78.9458538,
            21.0796006
          ],
          [
            78.9458325,
            21.0793566
          ],
          [
            78.9459125,
            21.0790181
          ],
          [
            78.9460512,
            21.0788488
          ],
          [
            78.9463233,
            21.0787393
          ],
          [
            78.9464674,
            21.0788588
          ],
          [
            78.9466915,
            21.0790181
          ],
          [
            78.9469476,
            21.0790729
          ],
          [
            78.9470596,
            21.0789235
          ],
          [
            78.9475398,
            21.0783809
          ],
          [
            78.9477105,
            21.0782614
          ],
          [
            78.9479506,
            21.0781718
          ],
          [
            78.9482494,
            21.0781319
          ],
          [
            78.9490764,
            21.0781021
          ],
          [
            78.9506877,
            21.0782116
          ],
          [
            78.9511039,
            21.0783659
          ],
          [
            78.9515734,
            21.0785551
          ],
          [
            78.9518935,
            21.0786497
          ],
          [
            78.9521549,
            21.0788638
          ],
          [
            78.952411,
            21.079043
          ],
          [
            78.9528539,
            21.0791575
          ],
          [
            78.9536809,
            21.0790032
          ],
          [
            78.9539636,
            21.0788638
          ],
          [
            78.9542517,
            21.0786198
          ],
          [
            78.9547053,
            21.0784655
          ],
          [
            78.955036,
            21.0783261
          ],
          [
            78.9555909,
            21.0782066
          ],
          [
            78.9561458,
            21.0780822
          ],
          [
            78.9563354,
            21.0780468
          ],
          [
            78.9568226,
            21.077956
          ],
          [
            78.9580818,
            21.077886
          ],
          [
            78.9585712,
            21.0779682
          ],
          [
            78.959253,
            21.0779439
          ],
          [
            78.9594912,
            21.0778282
          ],
          [
            78.9598043,
            21.0774142
          ],
          [
            78.9607602,
            21.076571
          ],
          [
            78.9613539,
            21.0764462
          ],
          [
            78.9623815,
            21.0759409
          ],
          [
            78.9629329,
            21.0758252
          ],
          [
            78.9632134,
            21.0759165
          ],
          [
            78.9633341,
            21.0760779
          ],
          [
            78.9632558,
            21.0762879
          ],
          [
            78.9631808,
            21.0765558
          ],
          [
            78.9633211,
            21.0769302
          ],
          [
            78.9636332,
            21.0770912
          ]
        ]
      },
      "properties": {
        "osm_id": 182622005,
        "name": "unnamed",
        "waterway_type": "stream",
        "intermittent": "no"
      }
    },
    {
      "type": "Feature",
      "geometry": {
        "type": "LineString",
        "coordinates": [
          [
            78.9757429,
            21.0704034
          ],
          [
            78.9756304,
            21.0709091
          ],
          [
            78.9753905,
            21.07126
          ],
          [
            78.9750653,
            21.0714537
          ],
          [
            78.974507,
            21.0722824
          ],
          [
            78.9741264,
            21.0726505
          ],
          [
            78.9737273,
            21.0729067
          ],
          [
            78.9735728,
            21.0731262
          ],
          [
            78.9735958,
            21.0733458
          ],
          [
            78.9738058,
            21.0733329
          ],
          [
            78.9738381,
            21.0735051
          ],
          [
            78.9737965,
            21.073772
          ],
          [
            78.9741264,
            21.074026
          ],
          [
            78.9741333,
            21.0745684
          ],
          [
            78.9743248,
            21.0750376
          ],
          [
            78.9740226,
            21.0752873
          ],
          [
            78.9736166,
            21.0753842
          ],
          [
            78.973469,
            21.0755004
          ],
          [
            78.9734298,
            21.0757652
          ],
          [
            78.9732175,
            21.0760795
          ],
          [
            78.9728415,
            21.0763894
          ],
          [
            78.9726016,
            21.0766714
          ],
          [
            78.9722473,
            21.0768117
          ],
          [
            78.9719959,
            21.076829
          ],
          [
            78.9717975,
            21.07707
          ],
          [
            78.9715945,
            21.0774984
          ],
          [
            78.9711377,
            21.0778772
          ],
          [
            78.97012,
            21.0784498
          ],
          [
            78.9696541,
            21.0787081
          ],
          [
            78.9691512,
            21.0793409
          ],
          [
            78.9689205,
            21.0797714
          ],
          [
            78.9688129,
            21.0802188
          ],
          [
            78.9685519,
            21.0807607
          ],
          [
            78.9686595,
            21.0813207
          ],
          [
            78.9688618,
            21.0816373
          ],
          [
            78.9688585,
            21.0819721
          ],
          [
            78.9686693,
            21.0824653
          ],
          [
            78.9688194,
            21.0840177
          ],
          [
            78.9687476,
            21.084246
          ],
          [
            78.968193,
            21.0854666
          ],
          [
            78.9679386,
            21.0857801
          ],
          [
            78.9678015,
            21.0861027
          ],
          [
            78.967583,
            21.0863249
          ],
          [
            78.9673318,
            21.0868911
          ],
          [
            78.9672209,
            21.0871589
          ],
          [
            78.9671882,
            21.0874572
          ],
          [
            78.9669697,
            21.0879899
          ],
          [
            78.966862,
            21.0881543
          ],
          [
            78.9667785,
            21.0886179
          ],
          [
            78.9666724,
            21.0888461
          ],
          [
            78.9665594,
            21.0897092
          ],
          [
            78.9664032,
            21.089968
          ],
          [
            78.966139,
            21.0902115
          ],
          [
            78.96609,
            21.0903698
          ],
          [
            78.9662531,
            21.0907229
          ],
          [
            78.9663053,
            21.0911916
          ],
          [
            78.966286,
            21.0912618
          ],
          [
            78.9660704,
            21.0920439
          ],
          [
            78.9661129,
            21.0922904
          ],
          [
            78.9662597,
            21.0925948
          ],
          [
            78.9662694,
            21.09289
          ],
          [
            78.9662531,
            21.0931914
          ],
          [
            78.9663836,
            21.0934957
          ],
          [
            78.966674,
            21.0938549
          ],
          [
            78.9668338,
            21.0939492
          ],
          [
            78.9670393,
            21.0942749
          ],
          [
            78.9674928,
            21.0947558
          ],
          [
            78.9679864,
            21.0951823
          ],
          [
            78.9681678,
            21.0954263
          ],
          [
            78.9682265,
            21.0955756
          ],
          [
            78.9681838,
            21.0958195
          ],
          [
            78.9681304,
            21.0960584
          ],
          [
            78.9680664,
            21.0962576
          ],
          [
            78.9679277,
            21.0964417
          ],
          [
            78.9677729,
            21.0968101
          ],
          [
            78.9677249,
            21.0970739
          ],
          [
            78.9677996,
            21.0972681
          ],
          [
            78.9679223,
            21.0974423
          ],
          [
            78.9679757,
            21.0978057
          ],
          [
            78.9680237,
            21.0980396
          ],
          [
            78.9681197,
            21.0983034
          ],
          [
            78.9682371,
            21.0985573
          ],
          [
            78.9682958,
            21.0987912
          ],
          [
            78.9683011,
            21.0990003
          ],
          [
            78.9683278,
            21.0995279
          ],
          [
            78.9683438,
            21.0998117
          ],
          [
            78.9683918,
            21.1001452
          ],
          [
            78.9684132,
            21.1003393
          ],
          [
            78.9685733,
            21.100633
          ],
          [
            78.9688187,
            21.100852
          ],
          [
            78.9690588,
            21.1010113
          ],
          [
            78.9692295,
            21.101081
          ],
          [
            78.9694376,
            21.1012403
          ],
          [
            78.9699338,
            21.1016086
          ],
          [
            78.9703713,
            21.101738
          ],
          [
            78.970622,
            21.1018226
          ],
          [
            78.9708942,
            21.1019421
          ],
          [
            78.9711236,
            21.1020168
          ],
          [
            78.971273,
            21.1020417
          ],
          [
            78.9718118,
            21.1023353
          ],
          [
            78.9720413,
            21.10242
          ],
          [
            78.972212,
            21.1025444
          ],
          [
            78.972292,
            21.1026639
          ],
          [
            78.9724788,
            21.1028779
          ],
          [
            78.9725481,
            21.1031118
          ],
          [
            78.9726015,
            21.1032711
          ],
          [
            78.9727295,
            21.1033557
          ],
          [
            78.9728522,
            21.1033408
          ],
          [
            78.9729429,
            21.1033259
          ],
          [
            78.9732631,
            21.1033408
          ],
          [
            78.9734978,
            21.1034105
          ],
          [
            78.9736899,
            21.1035399
          ],
          [
            78.973866,
            21.1036843
          ],
          [
            78.9745596,
            21.1042467
          ],
          [
            78.9748424,
            21.1044309
          ],
          [
            78.9749544,
            21.1046947
          ],
          [
            78.9750184,
            21.1049137
          ],
          [
            78.9751785,
            21.1051427
          ],
          [
            78.9753919,
            21.1056056
          ],
          [
            78.9756853,
            21.1058893
          ],
          [
            78.9759254,
            21.1059889
          ],
          [
            78.9761442,
            21.1060386
          ],
          [
            78.9763683,
            21.1060685
          ],
          [
            78.9766991,
            21.1059839
          ],
          [
            78.9770245,
            21.1058843
          ],
          [
            78.9771099,
            21.1059142
          ],
          [
            78.9774033,
            21.105949
          ],
          [
            78.9777341,
            21.1062477
          ],
          [
            78.9780169,
            21.1064816
          ],
          [
            78.9781983,
            21.1066807
          ],
          [
            78.9786732,
            21.1072581
          ],
          [
            78.9789559,
            21.1074821
          ],
          [
            78.9791427,
            21.1076414
          ],
          [
            78.9794361,
            21.1077857
          ],
          [
            78.9796922,
            21.1077658
          ],
          [
            78.9799003,
            21.1078007
          ],
          [
            78.9803111,
            21.1079276
          ],
          [
            78.9808047,
            21.1080172
          ],
          [
            78.9809621,
            21.1082138
          ],
          [
            78.9811088,
            21.1082835
          ],
          [
            78.9814543,
            21.1083288
          ],
          [
            78.981594,
            21.1083052
          ],
          [
            78.9817015,
            21.1082894
          ],
          [
            78.9819989,
            21.1082732
          ],
          [
            78.9821358,
            21.1082884
          ],
          [
            78.9823226,
            21.1083407
          ],
          [
            78.9824666,
            21.1083681
          ],
          [
            78.9825707,
            21.1084676
          ],
          [
            78.9825974,
            21.1085697
          ],
          [
            78.9827761,
            21.1089753
          ],
          [
            78.9829148,
            21.1091197
          ],
          [
            78.9830189,
            21.1092391
          ],
          [
            78.9831122,
            21.1093188
          ],
          [
            78.9832376,
            21.1093934
          ],
          [
            78.9833817,
            21.1093785
          ],
          [
            78.9834457,
            21.1093188
          ],
          [
            78.9835684,
            21.1092267
          ],
          [
            78.9837071,
            21.1091869
          ],
          [
            78.9838645,
            21.1091819
          ],
          [
            78.9840886,
            21.1090848
          ],
          [
            78.984262,
            21.1089554
          ],
          [
            78.9844274,
            21.1088583
          ],
          [
            78.9846808,
            21.1088111
          ],
          [
            78.9848649,
            21.1087762
          ],
          [
            78.9851423,
            21.1087314
          ],
          [
            78.9855318,
            21.1087588
          ],
          [
            78.9858253,
            21.1088086
          ],
          [
            78.9860307,
            21.1088509
          ],
          [
            78.9862388,
            21.1089007
          ],
          [
            78.9866389,
            21.1090599
          ],
          [
            78.9867616,
            21.1091122
          ],
          [
            78.9869937,
            21.1093038
          ],
          [
            78.9871618,
            21.1095353
          ],
          [
            78.9874472,
            21.1099608
          ],
          [
            78.9875326,
            21.1100977
          ],
          [
            78.9876233,
            21.110155
          ],
          [
            78.9878074,
            21.1101425
          ],
          [
            78.9879541,
            21.1101176
          ],
          [
            78.9880608,
            21.1101151
          ],
          [
            78.9881649,
            21.1101002
          ],
          [
            78.9882609,
            21.1100504
          ],
          [
            78.9883276,
            21.1099608
          ],
          [
            78.9883969,
            21.1098588
          ],
          [
            78.9884743,
            21.1097593
          ],
          [
            78.988629,
            21.1096074
          ],
          [
            78.9887091,
            21.1094631
          ],
          [
            78.9888318,
            21.1093735
          ],
          [
            78.9889678,
            21.109269
          ],
          [
            78.9890985,
            21.1092192
          ],
          [
            78.9892453,
            21.1092391
          ],
          [
            78.9893386,
            21.1093138
          ],
          [
            78.9894213,
            21.1094183
          ],
          [
            78.9894614,
            21.1095203
          ],
          [
            78.9895441,
            21.1096224
          ],
          [
            78.9896561,
            21.1097145
          ],
          [
            78.9897521,
            21.1098314
          ],
          [
            78.9899389,
            21.1099982
          ],
          [
            78.9901256,
            21.1101599
          ],
          [
            78.9903097,
            21.1102421
          ],
          [
            78.9904724,
            21.1102869
          ],
          [
            78.9906832,
            21.1102719
          ],
          [
            78.9908059,
            21.1102346
          ],
          [
            78.9910113,
            21.1102097
          ],
          [
            78.99111,
            21.1102421
          ],
          [
            78.9913928,
            21.1103814
          ],
          [
            78.9915795,
            21.1103416
          ],
          [
            78.9917236,
            21.1102669
          ],
          [
            78.9918489,
            21.1102097
          ],
          [
            78.9919957,
            21.1101873
          ],
          [
            78.9921877,
            21.110145
          ],
          [
            78.9924945,
            21.1101151
          ],
          [
            78.9926626,
            21.1100828
          ],
          [
            78.9928307,
            21.1100529
          ],
          [
            78.9929827,
            21.110038
          ],
          [
            78.9931241,
            21.1100131
          ],
          [
            78.9932468,
            21.1100106
          ],
          [
            78.9933962,
            21.1100156
          ],
          [
            78.9935376,
            21.1100206
          ],
          [
            78.9936737,
            21.110033
          ],
          [
            78.9938257,
            21.110043
          ],
          [
            78.9939378,
            21.1099982
          ],
          [
            78.9941192,
            21.109916
          ],
          [
            78.9942232,
            21.1098712
          ],
          [
            78.9943939,
            21.109804
          ],
          [
            78.9945807,
            21.1097891
          ],
          [
            78.9946767,
            21.1098538
          ],
          [
            78.9948101,
            21.1098837
          ],
          [
            78.9949755,
            21.1098787
          ],
          [
            78.9952023,
            21.1099409
          ],
          [
            78.9953943,
            21.110033
          ],
          [
            78.9956424,
            21.1100504
          ],
          [
            78.9958105,
            21.1100803
          ],
          [
            78.9959599,
            21.110145
          ],
          [
            78.9960959,
            21.1102893
          ],
          [
            78.9961549,
            21.1103278
          ]
        ]
      },
      "properties": {
        "osm_id": 182622008,
        "name": "unnamed",
        "waterway_type": "stream",
        "intermittent": "no"
      }
    },
    {
      "type": "Feature",
      "geometry": {
        "type": "LineString",
        "coordinates": [
          [
            79.1646777,
            21.2176106
          ],
          [
            79.1660179,
            21.2174532
          ],
          [
            79.1664909,
            21.2171522
          ],
          [
            79.1669526,
            21.2165223
          ],
          [
            79.1674069,
            21.2162598
          ],
          [
            79.1678048,
            21.2163998
          ],
          [
            79.1681723,
            21.2164176
          ],
          [
            79.1684871,
            21.2162851
          ],
          [
            79.1687498,
            21.2157333
          ],
          [
            79.1691366,
            21.2154599
          ],
          [
            79.1696224,
            21.2153056
          ],
          [
            79.1703782,
            21.215134
          ],
          [
            79.1708464,
            21.2149252
          ],
          [
            79.1714723,
            21.2143797
          ],
          [
            79.1717925,
            21.2140091
          ],
          [
            79.1724157,
            21.2133477
          ],
          [
            79.1730876,
            21.2126828
          ],
          [
            79.1743602,
            21.2125813
          ],
          [
            79.1747544,
            21.2124938
          ],
          [
            79.1752312,
            21.2121298
          ],
          [
            79.1757305,
            21.2114999
          ],
          [
            79.1760983,
            21.2111149
          ],
          [
            79.1763912,
            21.2110659
          ],
          [
            79.1769618,
            21.2112234
          ],
          [
            79.1774948,
            21.2116539
          ],
          [
            79.1779716,
            21.2124378
          ],
          [
            79.1782832,
            21.2126828
          ],
          [
            79.179308,
            21.2130082
          ],
          [
            79.1797363,
            21.2135631
          ],
          [
            79.179999,
            21.2138786
          ],
          [
            79.1804689,
            21.2140097
          ],
          [
            79.1811445,
            21.2138464
          ],
          [
            79.1816143,
            21.2133366
          ],
          [
            79.1819979,
            21.2130879
          ],
          [
            79.1822102,
            21.213036
          ],
          [
            79.1827624,
            21.213177
          ],
          [
            79.1831499,
            21.2135346
          ],
          [
            79.1834074,
            21.2136262
          ],
          [
            79.1836092,
            21.2135272
          ],
          [
            79.1838494,
            21.2133366
          ],
          [
            79.1839649,
            21.2131288
          ],
          [
            79.1840073,
            21.2128281
          ],
          [
            79.1839914,
            21.2127205
          ],
          [
            79.1844015,
            21.2125039
          ],
          [
            79.1845502,
            21.2125064
          ],
          [
            79.1846391,
            21.2126301
          ],
          [
            79.1847466,
            21.2127464
          ],
          [
            79.1846975,
            21.2129605
          ],
          [
            79.1845489,
            21.2131857
          ],
          [
            79.184509,
            21.2134381
          ],
          [
            79.1846935,
            21.2137771
          ],
          [
            79.184668,
            21.2141244
          ],
          [
            79.1844249,
            21.2144577
          ],
          [
            79.1841255,
            21.214659
          ],
          [
            79.1838768,
            21.2148296
          ],
          [
            79.1833109,
            21.2154298
          ],
          [
            79.1831683,
            21.2157447
          ],
          [
            79.1831532,
            21.2160737
          ],
          [
            79.1833323,
            21.2164656
          ],
          [
            79.1833837,
            21.2168699
          ],
          [
            79.183211,
            21.217389
          ],
          [
            79.1832588,
            21.217526
          ],
          [
            79.1835565,
            21.2179166
          ],
          [
            79.1839571,
            21.218434
          ],
          [
            79.1841464,
            21.2184871
          ],
          [
            79.1844918,
            21.2184014
          ],
          [
            79.1849843,
            21.2181479
          ],
          [
            79.1852085,
            21.2180896
          ],
          [
            79.1853905,
            21.2181753
          ],
          [
            79.1856238,
            21.2185624
          ],
          [
            79.1859252,
            21.2185573
          ],
          [
            79.1861641,
            21.2183432
          ],
          [
            79.1863736,
            21.2181958
          ],
          [
            79.18655,
            21.2181958
          ],
          [
            79.1867154,
            21.218302
          ],
          [
            79.1868551,
            21.2185504
          ],
          [
            79.1872226,
            21.2187286
          ],
          [
            79.1878088,
            21.2189821
          ],
          [
            79.188079,
            21.2190678
          ],
          [
            79.1882554,
            21.2191671
          ],
          [
            79.1883895,
            21.2193779
          ],
          [
            79.1885707,
            21.2198731
          ],
          [
            79.1888848,
            21.2207196
          ],
          [
            79.1891433,
            21.220863
          ],
          [
            79.1894147,
            21.2211757
          ],
          [
            79.1896668,
            21.2212892
          ],
          [
            79.1900535,
            21.2212613
          ],
          [
            79.190468,
            21.2214445
          ],
          [
            79.1914316,
            21.2211757
          ],
          [
            79.1915491,
            21.2210343
          ],
          [
            79.191985,
            21.2210522
          ],
          [
            79.1921132,
            21.2211953
          ],
          [
            79.1925789,
            21.221249
          ],
          [
            79.1928118,
            21.2213725
          ],
          [
            79.1932968,
            21.2215279
          ],
          [
            79.1938267,
            21.2217788
          ],
          [
            79.1940767,
            21.2217589
          ],
          [
            79.1944869,
            21.2216314
          ],
          [
            79.1949078,
            21.2216454
          ],
          [
            79.195286,
            21.2216553
          ],
          [
            79.1959569,
            21.2217729
          ],
          [
            79.1961641,
            21.2217689
          ],
          [
            79.1966299,
            21.2219939
          ],
          [
            79.1967987,
            21.221988
          ],
          [
            79.1972837,
            21.2218187
          ],
          [
            79.1977067,
            21.2217031
          ],
          [
            79.1979823,
            21.2217549
          ],
          [
            79.1983092,
            21.2219342
          ],
          [
            79.1985207,
            21.2220855
          ],
          [
            79.1987344,
            21.2221055
          ],
          [
            79.199369,
            21.2218764
          ],
          [
            79.1997065,
            21.2217768
          ],
          [
            79.2000698,
            21.221743
          ],
          [
            79.2003411,
            21.2216295
          ],
          [
            79.2005313,
            21.2213885
          ],
          [
            79.2005954,
            21.2211355
          ],
          [
            79.2005419,
            21.2209324
          ],
          [
            79.2006851,
            21.2206695
          ],
          [
            79.2009244,
            21.2203707
          ],
          [
            79.201403,
            21.220052
          ],
          [
            79.2017598,
            21.2198628
          ],
          [
            79.2019414,
            21.2198489
          ],
          [
            79.2021636,
            21.2196218
          ],
          [
            79.2023409,
            21.2195481
          ],
          [
            79.2027918,
            21.2196856
          ],
          [
            79.2028879,
            21.2198648
          ],
          [
            79.2030268,
            21.2201138
          ],
          [
            79.2032319,
            21.2201536
          ],
          [
            79.2035673,
            21.2199983
          ],
          [
            79.2041442,
            21.2200162
          ],
          [
            79.204392,
            21.219825
          ],
          [
            79.2048685,
            21.2193908
          ],
          [
            79.205174,
            21.2192773
          ],
          [
            79.2054945,
            21.2191338
          ],
          [
            79.2058855,
            21.2191677
          ],
          [
            79.2062039,
            21.2192095
          ],
          [
            79.2066269,
            21.2190064
          ],
          [
            79.2072486,
            21.2185204
          ],
          [
            79.2076183,
            21.2185005
          ],
          [
            79.2078277,
            21.2184646
          ],
          [
            79.2079751,
            21.2182615
          ],
          [
            79.2082336,
            21.2179209
          ],
          [
            79.2085092,
            21.2177556
          ],
          [
            79.2090562,
            21.2174727
          ],
          [
            79.2094002,
            21.2172437
          ],
          [
            79.2096331,
            21.2170186
          ],
          [
            79.2102527,
            21.2167776
          ],
          [
            79.2105085,
            21.2166074
          ],
          [
            79.210617,
            21.2164769
          ],
          [
            79.2109074,
            21.2160463
          ],
          [
            79.2110894,
            21.215694
          ],
          [
            79.2113518,
            21.2149162
          ],
          [
            79.2114804,
            21.2146163
          ],
          [
            79.2117427,
            21.2144226
          ],
          [
            79.2119951,
            21.2142104
          ],
          [
            79.2120248,
            21.2139843
          ],
          [
            79.2119852,
            21.2137675
          ],
          [
            79.2121435,
            21.213403
          ],
          [
            79.2122623,
            21.2132277
          ],
          [
            79.2123514,
            21.2132093
          ],
          [
            79.212673,
            21.2133108
          ],
          [
            79.2132124,
            21.2133016
          ],
          [
            79.2136182,
            21.2134169
          ],
          [
            79.213925,
            21.2133661
          ],
          [
            79.2139497,
            21.2132462
          ],
          [
            79.2139052,
            21.213117
          ],
          [
            79.2138211,
            21.2129556
          ],
          [
            79.2139992,
            21.2128126
          ],
          [
            79.2142368,
            21.2128172
          ],
          [
            79.2144644,
            21.2128633
          ],
          [
            79.2146178,
            21.2130063
          ],
          [
            79.214786,
            21.213117
          ],
          [
            79.215172,
            21.2131862
          ],
          [
            79.215365,
            21.2130894
          ],
          [
            79.2155234,
            21.2129694
          ],
          [
            79.2156471,
            21.2128587
          ],
          [
            79.2157906,
            21.2127157
          ],
          [
            79.2159044,
            21.2125727
          ],
          [
            79.2158648,
            21.2124804
          ],
          [
            79.2157015,
            21.212485
          ],
          [
            79.2155481,
            21.2124712
          ],
          [
            79.2155135,
            21.2123005
          ],
          [
            79.2156322,
            21.2121298
          ],
          [
            79.215756,
            21.2118023
          ],
          [
            79.2159193,
            21.21159
          ],
          [
            79.2160182,
            21.2113824
          ],
          [
            79.2161766,
            21.2111379
          ],
          [
            79.2163745,
            21.2111195
          ],
          [
            79.2165972,
            21.2110134
          ],
          [
            79.2167655,
            21.2108565
          ],
          [
            79.2170228,
            21.2105797
          ],
          [
            79.2171465,
            21.2102983
          ],
          [
            79.2172455,
            21.21004
          ],
          [
            79.2172999,
            21.209837
          ],
          [
            79.2174582,
            21.2096894
          ],
          [
            79.2181609,
            21.2096525
          ],
          [
            79.2184381,
            21.2098185
          ],
          [
            79.2185271,
            21.2099523
          ],
          [
            79.2186459,
            21.2101322
          ],
          [
            79.2186904,
            21.2102845
          ],
          [
            79.2187498,
            21.2106582
          ],
          [
            79.2189478,
            21.2108519
          ],
          [
            79.2191556,
            21.2109257
          ],
          [
            79.2192496,
            21.2109673
          ],
          [
            79.2196702,
            21.2115255
          ],
          [
            79.2199078,
            21.2119037
          ],
          [
            79.2200018,
            21.2122036
          ],
          [
            79.2200859,
            21.2123097
          ],
          [
            79.2201651,
            21.2127618
          ],
          [
            79.2202096,
            21.2129786
          ],
          [
            79.2204917,
            21.2136983
          ],
          [
            79.2206847,
            21.2140443
          ],
          [
            79.2208628,
            21.2143303
          ],
          [
            79.221036,
            21.214584
          ],
          [
            79.2213329,
            21.2146163
          ],
          [
            79.2216694,
            21.2144687
          ],
          [
            79.2218327,
            21.2142519
          ],
          [
            79.2219515,
            21.2139843
          ],
          [
            79.2221049,
            21.2137859
          ],
          [
            79.222293,
            21.2136245
          ],
          [
            79.2224958,
            21.2133569
          ],
          [
            79.2225998,
            21.2130155
          ],
          [
            79.2226344,
            21.2127295
          ],
          [
            79.2226493,
            21.2124435
          ],
          [
            79.2226443,
            21.2121206
          ],
          [
            79.2225849,
            21.2117746
          ],
          [
            79.2224958,
            21.2115578
          ],
          [
            79.2224513,
            21.2112579
          ],
          [
            79.2224216,
            21.2110088
          ],
          [
            79.2224365,
            21.2107412
          ],
          [
            79.2224612,
            21.2105013
          ],
          [
            79.2225701,
            21.2102799
          ],
          [
            79.2227532,
            21.2101968
          ],
          [
            79.2229214,
            21.2100446
          ],
          [
            79.2230748,
            21.2097632
          ],
          [
            79.2230897,
            21.2095786
          ],
          [
            79.2231392,
            21.2090158
          ],
          [
            79.2231144,
            21.2087852
          ],
          [
            79.2231194,
            21.2085545
          ],
          [
            79.2233223,
            21.2083607
          ],
          [
            79.2235251,
            21.2082546
          ],
          [
            79.2246336,
            21.2078671
          ],
          [
            79.2251977,
            21.2077841
          ],
          [
            79.2254798,
            21.2079225
          ],
          [
            79.2256283,
            21.2081762
          ],
          [
            79.2259103,
            21.2083238
          ],
          [
            79.2261677,
            21.2084069
          ],
          [
            79.2269,
            21.2087067
          ],
          [
            79.2273504,
            21.2089097
          ],
          [
            79.2275978,
            21.2089697
          ],
          [
            79.2278007,
            21.2087759
          ],
          [
            79.2278452,
            21.2085499
          ],
          [
            79.227771,
            21.2082177
          ],
          [
            79.2277462,
            21.207964
          ],
          [
            79.2278106,
            21.2077748
          ],
          [
            79.2280036,
            21.2075303
          ],
          [
            79.2286914,
            21.2074703
          ],
          [
            79.2290428,
            21.2072858
          ],
          [
            79.2294485,
            21.2072212
          ],
          [
            79.2296811,
            21.2073089
          ],
          [
            79.2298494,
            21.2075395
          ],
          [
            79.2300473,
            21.2077333
          ],
          [
            79.2302947,
            21.2078809
          ],
          [
            79.2306362,
            21.2080055
          ],
          [
            79.2310914,
            21.2080978
          ],
          [
            79.231324,
            21.2082223
          ],
          [
            79.2313982,
            21.208393
          ],
          [
            79.2313982,
            21.2087298
          ],
          [
            79.2313587,
            21.208882
          ],
          [
            79.230844,
            21.2090989
          ],
          [
            79.2304036,
            21.209408
          ],
          [
            79.2301859,
            21.2098001
          ],
          [
            79.2299978,
            21.2099616
          ],
          [
            79.2297405,
            21.2100953
          ],
          [
            79.2295228,
            21.2102753
          ],
          [
            79.2294386,
            21.2103721
          ],
          [
            79.2292852,
            21.2105982
          ],
          [
            79.229112,
            21.2109165
          ],
          [
            79.2289784,
            21.2111149
          ],
          [
            79.2288745,
            21.211424
          ],
          [
            79.2288349,
            21.2116685
          ],
          [
            79.2289636,
            21.2119591
          ],
          [
            79.2292061,
            21.2121436
          ],
          [
            79.229597,
            21.2121713
          ],
          [
            79.2299137,
            21.2121852
          ],
          [
            79.2302205,
            21.2121944
          ],
          [
            79.230557,
            21.2122036
          ],
          [
            79.2308737,
            21.2123189
          ],
          [
            79.2315813,
            21.2124804
          ],
          [
            79.2321108,
            21.2125496
          ],
          [
            79.2327245,
            21.2125727
          ],
          [
            79.234234,
            21.2125339
          ]
        ]
      },
      "properties": {
        "osm_id": 183791808,
        "name": "unnamed",
        "waterway_type": "stream",
        "intermittent": "no"
      }
    },
    {
      "type": "Feature",
      "geometry": {
        "type": "LineString",
        "coordinates": [
          [
            79.1891439,
            21.2079763
          ],
          [
            79.1887941,
            21.2092704
          ],
          [
            79.1887941,
            21.2094423
          ],
          [
            79.1892225,
            21.2096926
          ],
          [
            79.1890734,
            21.2099251
          ],
          [
            79.1891466,
            21.210231
          ],
          [
            79.1889487,
            21.2103017
          ],
          [
            79.1888972,
            21.2105469
          ],
          [
            79.1890246,
            21.2109134
          ],
          [
            79.1887989,
            21.2111474
          ],
          [
            79.1882973,
            21.2115302
          ],
          [
            79.1882219,
            21.2117216
          ],
          [
            79.1883649,
            21.2125477
          ],
          [
            79.1884714,
            21.213071
          ],
          [
            79.1884194,
            21.2137543
          ],
          [
            79.1883129,
            21.2138899
          ],
          [
            79.1880036,
            21.2139772
          ],
          [
            79.1878633,
            21.2140862
          ],
          [
            79.1878191,
            21.2145901
          ],
          [
            79.1876788,
            21.2146701
          ],
          [
            79.1875462,
            21.2150359
          ],
          [
            79.1875618,
            21.2152152
          ],
          [
            79.1875908,
            21.2152394
          ],
          [
            79.1877645,
            21.2153848
          ],
          [
            79.1878848,
            21.2155361
          ],
          [
            79.1878772,
            21.2157235
          ]
        ]
      },
      "properties": {
        "osm_id": 183791809,
        "name": "unnamed",
        "waterway_type": "river",
        "intermittent": "no"
      }
    },
    {
      "type": "Feature",
      "geometry": {
        "type": "LineString",
        "coordinates": [
          [
            79.0416319,
            21.1250702
          ],
          [
            79.0423696,
            21.1245079
          ],
          [
            79.0429042,
            21.1242574
          ],
          [
            79.0434023,
            21.1245763
          ],
          [
            79.0436758,
            21.124516
          ],
          [
            79.043962,
            21.1245787
          ],
          [
            79.0441467,
            21.124718
          ],
          [
            79.0442028,
            21.1252523
          ]
        ]
      },
      "properties": {
        "osm_id": 204387277,
        "name": "Nag River",
        "waterway_type": "river",
        "intermittent": "no"
      }
    },
    {
      "type": "Feature",
      "geometry": {
        "type": "LineString",
        "coordinates": [
          [
            79.1241062,
            21.085143
          ],
          [
            79.124248,
            21.0854258
          ],
          [
            79.1243553,
            21.0856483
          ],
          [
            79.1248323,
            21.0857485
          ],
          [
            79.125369,
            21.0857707
          ],
          [
            79.1255479,
            21.0856595
          ],
          [
            79.1256791,
            21.0854814
          ],
          [
            79.1260607,
            21.0854703
          ],
          [
            79.1264332,
            21.0854688
          ],
          [
            79.1267194,
            21.0853798
          ],
          [
            79.1273634,
            21.0854021
          ],
          [
            79.1282459,
            21.0853353
          ],
          [
            79.1285083,
            21.0856691
          ],
          [
            79.1288422,
            21.0860475
          ],
          [
            79.1292954,
            21.0862923
          ],
          [
            79.1300586,
            21.0864035
          ],
          [
            79.1304879,
            21.0865816
          ],
          [
            79.1310842,
            21.0867373
          ],
          [
            79.1314658,
            21.0867373
          ],
          [
            79.1320383,
            21.0866706
          ],
          [
            79.1327061,
            21.0868486
          ],
          [
            79.1330162,
            21.0870266
          ],
          [
            79.1336601,
            21.0871602
          ],
          [
            79.1341849,
            21.0873159
          ],
          [
            79.1345903,
            21.0870489
          ],
          [
            79.1348527,
            21.0866483
          ],
          [
            79.1352343,
            21.0860475
          ],
          [
            79.1354967,
            21.0857804
          ],
          [
            79.1358306,
            21.0854911
          ],
          [
            79.1362838,
            21.0852908
          ],
          [
            79.1366654,
            21.0854243
          ],
          [
            79.1367847,
            21.0856914
          ],
          [
            79.1373332,
            21.0859584
          ],
          [
            79.1378818,
            21.0860029
          ],
          [
            79.1383111,
            21.0857804
          ],
          [
            79.1389074,
            21.0858249
          ],
          [
            79.1395514,
            21.0856246
          ],
          [
            79.1397184,
            21.0858249
          ],
          [
            79.1402669,
            21.0858249
          ],
          [
            79.1408632,
            21.0859139
          ],
          [
            79.1409109,
            21.0861587
          ],
          [
            79.1412926,
            21.086359
          ],
          [
            79.1415549,
            21.0862923
          ],
          [
            79.1419127,
            21.0864035
          ],
          [
            79.1421512,
            21.0866038
          ],
          [
            79.1428667,
            21.0866038
          ],
          [
            79.1435495,
            21.0864564
          ],
          [
            79.1443068,
            21.0859612
          ],
          [
            79.1443276,
            21.0857248
          ],
          [
            79.1444886,
            21.0856246
          ],
          [
            79.1449448,
            21.085416
          ],
          [
            79.1450849,
            21.085224
          ],
          [
            79.145395,
            21.0849347
          ],
          [
            79.1459197,
            21.0848902
          ],
          [
            79.1465398,
            21.0848457
          ],
          [
            79.1469453,
            21.0850015
          ],
          [
            79.1471838,
            21.0853353
          ],
          [
            79.1472315,
            21.0858249
          ],
          [
            79.1472554,
            21.08627
          ],
          [
            79.1473746,
            21.0867151
          ],
          [
            79.1478278,
            21.0871824
          ],
          [
            79.1481856,
            21.0871824
          ],
          [
            79.148281,
            21.087494
          ],
          [
            79.1490204,
            21.0880503
          ],
          [
            79.1499267,
            21.0885844
          ],
          [
            79.1504276,
            21.0889405
          ],
          [
            79.151,
            21.0891853
          ],
          [
            79.151477,
            21.089163
          ],
          [
            79.1520972,
            21.089341
          ],
          [
            79.1525742,
            21.0896971
          ],
          [
            79.152932,
            21.0896971
          ],
          [
            79.1533374,
            21.0898974
          ],
          [
            79.1539099,
            21.0900977
          ],
          [
            79.1545062,
            21.0901199
          ],
          [
            79.1549832,
            21.0899419
          ],
          [
            79.1554841,
            21.0898751
          ],
          [
            79.1559134,
            21.0896526
          ],
          [
            79.1562235,
            21.0894301
          ],
          [
            79.1566528,
            21.0891408
          ],
          [
            79.1571537,
            21.088985
          ],
          [
            79.1577976,
            21.0888515
          ],
          [
            79.1582985,
            21.0889405
          ],
          [
            79.1589902,
            21.0896526
          ],
          [
            79.1594195,
            21.0901422
          ],
          [
            79.1598488,
            21.0902979
          ],
          [
            79.1606359,
            21.0902534
          ],
          [
            79.16159,
            21.0904537
          ],
          [
            79.1618483,
            21.0907872
          ],
          [
            79.162051,
            21.0911331
          ],
          [
            79.1622532,
            21.0914988
          ],
          [
            79.1625872,
            21.0919439
          ],
          [
            79.1636843,
            21.092389
          ],
          [
            79.1645907,
            21.0922555
          ],
          [
            79.1660217,
            21.0921219
          ],
          [
            79.1671189,
            21.0917659
          ],
          [
            79.1679298,
            21.0911873
          ],
          [
            79.1686454,
            21.0909203
          ],
          [
            79.1698379,
            21.0910983
          ],
          [
            79.1701242,
            21.0915879
          ],
          [
            79.1700288,
            21.0920774
          ],
          [
            79.1696471,
            21.0926115
          ],
          [
            79.1694563,
            21.0931011
          ],
          [
            79.1700765,
            21.0933681
          ],
          [
            79.1715552,
            21.0933681
          ],
          [
            79.1728909,
            21.0932791
          ],
          [
            79.1738927,
            21.0934571
          ],
          [
            79.1744174,
            21.0939912
          ],
          [
            79.1745605,
            21.0946143
          ],
          [
            79.1744651,
            21.0950593
          ],
          [
            79.1744174,
            21.0956824
          ],
          [
            79.1748467,
            21.0960385
          ],
          [
            79.1758485,
            21.0959495
          ],
          [
            79.1764406,
            21.096077
          ],
          [
            79.1770887,
            21.0962165
          ],
          [
            79.177852,
            21.0968841
          ],
          [
            79.1791399,
            21.0978632
          ],
          [
            79.1797601,
            21.0980412
          ],
          [
            79.1807141,
            21.0978632
          ],
          [
            79.1814297,
            21.0982637
          ],
          [
            79.1819544,
            21.0988423
          ],
          [
            79.1825268,
            21.0993763
          ],
          [
            79.1834332,
            21.0996434
          ],
          [
            79.1839579,
            21.1001329
          ],
          [
            79.1848165,
            21.100756
          ],
          [
            79.1856752,
            21.10129
          ],
          [
            79.1873448,
            21.1009785
          ],
          [
            79.1891098,
            21.101201
          ],
          [
            79.1896822,
            21.1018686
          ],
          [
            79.1907317,
            21.1020466
          ],
          [
            79.1923058,
            21.1016461
          ],
          [
            79.1931645,
            21.1007115
          ],
          [
            79.1943093,
            21.1003554
          ],
          [
            79.1952634,
            21.1006225
          ],
          [
            79.1959789,
            21.0998659
          ],
          [
            79.1972192,
            21.0991983
          ],
          [
            79.1987934,
            21.0995989
          ],
          [
            79.199986,
            21.0998659
          ],
          [
            79.2012262,
            21.0987088
          ],
          [
            79.2012501,
            21.096261
          ],
          [
            79.2021803,
            21.0948813
          ],
          [
            79.2032959,
            21.0943643
          ],
          [
            79.2038022,
            21.0939022
          ],
          [
            79.2052332,
            21.0936352
          ],
          [
            79.2062827,
            21.0933681
          ],
          [
            79.2074276,
            21.0930121
          ],
          [
            79.2085724,
            21.0914988
          ],
          [
            79.2093357,
            21.0905197
          ],
          [
            79.2110529,
            21.0903417
          ],
          [
            79.2121978,
            21.0911428
          ],
          [
            79.2135335,
            21.0913208
          ]
        ]
      },
      "properties": {
        "osm_id": 204387289,
        "name": "unnamed",
        "waterway_type": "river",
        "intermittent": "no"
      }
    },
    {
      "type": "Feature",
      "geometry": {
        "type": "LineString",
        "coordinates": [
          [
            79.0708064,
            21.1816051
          ],
          [
            79.0708904,
            21.1816262
          ],
          [
            79.071013,
            21.1817496
          ],
          [
            79.0710679,
            21.1819633
          ],
          [
            79.0711873,
            21.1819994
          ],
          [
            79.0712584,
            21.1822432
          ],
          [
            79.0714359,
            21.1824118
          ],
          [
            79.0715715,
            21.1825954
          ],
          [
            79.0716909,
            21.1827911
          ],
          [
            79.0717555,
            21.1828091
          ],
          [
            79.0718588,
            21.182773
          ],
          [
            79.0720105,
            21.1825804
          ],
          [
            79.0721881,
            21.182463
          ],
          [
            79.0724722,
            21.1824389
          ],
          [
            79.0725916,
            21.182469
          ],
          [
            79.072711,
            21.1825743
          ],
          [
            79.0728208,
            21.1826436
          ],
          [
            79.0731985,
            21.182773
          ],
          [
            79.0732727,
            21.1829927
          ],
          [
            79.0734406,
            21.183077
          ],
          [
            79.0736278,
            21.1831342
          ],
          [
            79.0737311,
            21.1832546
          ],
          [
            79.0737376,
            21.1834111
          ],
          [
            79.0736989,
            21.1835165
          ],
          [
            79.0734826,
            21.1835526
          ],
          [
            79.0733728,
            21.1835436
          ],
          [
            79.0732501,
            21.1835827
          ],
          [
            79.0731953,
            21.183682
          ],
          [
            79.073163,
            21.1839138
          ],
          [
            79.0732114,
            21.1840071
          ],
          [
            79.0733115,
            21.1841727
          ],
          [
            79.0733664,
            21.184561
          ],
          [
            79.0734793,
            21.1853676
          ],
          [
            79.07356,
            21.1858553
          ],
          [
            79.0736666,
            21.1861803
          ],
          [
            79.0736601,
            21.1864482
          ],
          [
            79.0736504,
            21.1865776
          ],
          [
            79.0737441,
            21.1866619
          ],
          [
            79.0738829,
            21.1867101
          ],
          [
            79.0739539,
            21.186698
          ],
          [
            79.0741088,
            21.1867251
          ],
          [
            79.0745188,
            21.1867312
          ],
          [
            79.0747351,
            21.1867613
          ],
          [
            79.0748319,
            21.1867582
          ],
          [
            79.0749223,
            21.1868485
          ],
          [
            79.0749869,
            21.1871766
          ],
          [
            79.0750192,
            21.1873903
          ],
          [
            79.0751677,
            21.1878388
          ],
          [
            79.0752451,
            21.1879231
          ],
          [
            79.0755615,
            21.1880555
          ],
          [
            79.0755938,
            21.1881699
          ],
          [
            79.0755906,
            21.1884649
          ],
          [
            79.075668,
            21.1887147
          ],
          [
            79.0757939,
            21.1889314
          ],
          [
            79.075894,
            21.1891993
          ],
          [
            79.076078,
            21.189416
          ],
          [
            79.0762297,
            21.1895153
          ],
          [
            79.0764686,
            21.1895515
          ],
          [
            79.0769012,
            21.1896929
          ],
          [
            79.0773251,
            21.1898511
          ]
        ]
      },
      "properties": {
        "osm_id": 225644833,
        "name": "unnamed",
        "waterway_type": "stream",
        "intermittent": "no"
      }
    },
    {
      "type": "Feature",
      "geometry": {
        "type": "LineString",
        "coordinates": [
          [
            79.0562567,
            21.147166
          ],
          [
            79.0565673,
            21.1462045
          ],
          [
            79.0570326,
            21.1456501
          ],
          [
            79.0575366,
            21.1451679
          ],
          [
            79.058325,
            21.1447942
          ],
          [
            79.0590617,
            21.1446496
          ],
          [
            79.0596562,
            21.1446496
          ],
          [
            79.0600698,
            21.1447098
          ],
          [
            79.0606514,
            21.1446737
          ],
          [
            79.0612707,
            21.1446199
          ]
        ]
      },
      "properties": {
        "osm_id": 225888257,
        "name": "unnamed",
        "waterway_type": "stream",
        "intermittent": "no"
      }
    },
    {
      "type": "Feature",
      "geometry": {
        "type": "LineString",
        "coordinates": [
          [
            79.067204,
            21.1448907
          ],
          [
            79.0675142,
            21.1448907
          ],
          [
            79.0681733,
            21.144963
          ],
          [
            79.0688195,
            21.1451076
          ],
          [
            79.0691297,
            21.1450233
          ],
          [
            79.0713268,
            21.1439384
          ],
          [
            79.0716111,
            21.1437335
          ],
          [
            79.0720764,
            21.1433357
          ],
          [
            79.0725805,
            21.1432151
          ],
          [
            79.072826,
            21.1429861
          ],
          [
            79.0732784,
            21.142962
          ],
          [
            79.073511,
            21.1430705
          ],
          [
            79.0736661,
            21.1430946
          ]
        ]
      },
      "properties": {
        "osm_id": 225888258,
        "name": "unnamed",
        "waterway_type": "stream",
        "intermittent": "no"
      }
    },
    {
      "type": "Feature",
      "geometry": {
        "type": "LineString",
        "coordinates": [
          [
            78.9442518,
            21.2771737
          ],
          [
            78.9436318,
            21.2778565
          ],
          [
            78.9434094,
            21.2783923
          ],
          [
            78.9433592,
            21.2789228
          ],
          [
            78.9441406,
            21.2806072
          ],
          [
            78.9449151,
            21.2814098
          ],
          [
            78.9474087,
            21.2825619
          ],
          [
            78.9480407,
            21.2831735
          ],
          [
            78.9493431,
            21.2845294
          ],
          [
            78.9505656,
            21.2855002
          ],
          [
            78.9519096,
            21.2862412
          ],
          [
            78.9534168,
            21.2877622
          ],
          [
            78.9534273,
            21.2884611
          ],
          [
            78.9534759,
            21.289419
          ],
          [
            78.9532085,
            21.2898623
          ],
          [
            78.952823,
            21.2905483
          ],
          [
            78.9527744,
            21.2915773
          ],
          [
            78.9523507,
            21.2922925
          ],
          [
            78.9519374,
            21.2927099
          ],
          [
            78.9516283,
            21.2935933
          ],
          [
            78.9517741,
            21.2939978
          ],
          [
            78.9530071,
            21.2943276
          ],
          [
            78.9552453,
            21.2951772
          ],
          [
            78.9561226,
            21.2952287
          ],
          [
            78.9600049,
            21.2971082
          ],
          [
            78.9609375,
            21.298389
          ],
          [
            78.9611171,
            21.2999594
          ],
          [
            78.9617803,
            21.3010342
          ],
          [
            78.9618192,
            21.3018457
          ],
          [
            78.9619937,
            21.3021353
          ],
          [
            78.9624824,
            21.3029463
          ],
          [
            78.9642496,
            21.3055137
          ],
          [
            78.9646013,
            21.3068699
          ],
          [
            78.9641226,
            21.3074615
          ],
          [
            78.9633703,
            21.3082807
          ],
          [
            78.9635169,
            21.3098006
          ],
          [
            78.9642647,
            21.3133023
          ],
          [
            78.9642223,
            21.3147418
          ],
          [
            78.9644481,
            21.3152513
          ],
          [
            78.9652137,
            21.3155043
          ],
          [
            78.9662051,
            21.3150442
          ],
          [
            78.9672,
            21.314423
          ],
          [
            78.9683607,
            21.3141831
          ],
          [
            78.9695002,
            21.3147681
          ],
          [
            78.9707915,
            21.3163457
          ],
          [
            78.9719592,
            21.3174993
          ],
          [
            78.9734375,
            21.3183637
          ],
          [
            78.9746511,
            21.3188238
          ],
          [
            78.9753814,
            21.3185247
          ],
          [
            78.9763834,
            21.3178806
          ],
          [
            78.9774911,
            21.318275
          ],
          [
            78.9778192,
            21.3190342
          ],
          [
            78.9775476,
            21.3195469
          ],
          [
            78.9768949,
            21.3200431
          ],
          [
            78.9767891,
            21.3206906
          ],
          [
            78.97735,
            21.3226428
          ],
          [
            78.9782003,
            21.3239672
          ],
          [
            78.9785354,
            21.3258602
          ],
          [
            78.9792093,
            21.3265438
          ],
          [
            78.9804406,
            21.3268067
          ],
          [
            78.9813508,
            21.3268232
          ],
          [
            78.9833547,
            21.3266917
          ],
          [
            78.9847059,
            21.3260903
          ],
          [
            78.9866886,
            21.3247494
          ],
          [
            78.9879728,
            21.3247067
          ],
          [
            78.9902625,
            21.3252391
          ],
          [
            78.9915467,
            21.3248743
          ],
          [
            78.9941645,
            21.3238456
          ],
          [
            78.9965711,
            21.3227395
          ],
          [
            78.9984127,
            21.3225357
          ],
          [
            78.9998169,
            21.3230419
          ],
          [
            79.001094,
            21.3232062
          ],
          [
            79.0057228,
            21.3226935
          ],
          [
            79.0082276,
            21.3225226
          ],
          [
            79.0090677,
            21.3222644
          ],
          [
            79.0097123,
            21.3216992
          ],
          [
            79.0114566,
            21.3206748
          ],
          [
            79.0134663,
            21.3210104
          ],
          [
            79.0144522,
            21.3215933
          ],
          [
            79.0151158,
            21.3220348
          ],
          [
            79.0160069,
            21.3223174
          ],
          [
            79.0170497,
            21.3222468
          ],
          [
            79.017846,
            21.3223881
          ],
          [
            79.0184906,
            21.3227766
          ],
          [
            79.019539,
            21.3229688
          ],
          [
            79.0205383,
            21.3226706
          ],
          [
            79.0210691,
            21.3217169
          ],
          [
            79.0217706,
            21.3208868
          ],
          [
            79.0225669,
            21.3206395
          ],
          [
            79.0233136,
            21.3202184
          ],
          [
            79.024941,
            21.3205674
          ],
          [
            79.0259038,
            21.32124
          ],
          [
            79.0271552,
            21.3211164
          ],
          [
            79.0293924,
            21.3206042
          ],
          [
            79.0311936,
            21.3201803
          ],
          [
            79.0320847,
            21.3198271
          ],
          [
            79.0333171,
            21.3193502
          ],
          [
            79.0336583,
            21.3190146
          ],
          [
            79.0339617,
            21.3185377
          ],
          [
            79.0345115,
            21.3177606
          ],
          [
            79.0354974,
            21.3171071
          ],
          [
            79.036635,
            21.3168068
          ],
          [
            79.0377915,
            21.3162416
          ],
          [
            79.0386447,
            21.3156941
          ],
          [
            79.0390998,
            21.3150229
          ],
          [
            79.0398202,
            21.3138571
          ],
          [
            79.0415645,
            21.3133626
          ],
          [
            79.0429107,
            21.3133096
          ],
          [
            79.0438207,
            21.3131683
          ],
          [
            79.0447877,
            21.3131683
          ],
          [
            79.0462286,
            21.3137865
          ],
          [
            79.0473472,
            21.3143164
          ],
          [
            79.0482004,
            21.3151112
          ],
          [
            79.0486744,
            21.3152172
          ],
          [
            79.0496413,
            21.3148992
          ],
          [
            79.0506083,
            21.3144047
          ],
          [
            79.0513477,
            21.3134862
          ],
          [
            79.0518406,
            21.3124441
          ],
          [
            79.0521061,
            21.3114726
          ],
          [
            79.0524724,
            21.3111464
          ],
          [
            79.0531868,
            21.311084
          ],
          [
            79.0553292,
            21.3106954
          ],
          [
            79.056846,
            21.3103245
          ],
          [
            79.0593297,
            21.3090528
          ],
          [
            79.0597468,
            21.3082402
          ],
          [
            79.0596899,
            21.3070568
          ],
          [
            79.0598573,
            21.3061856
          ],
          [
            79.0603665,
            21.3057294
          ],
          [
            79.0612479,
            21.3057112
          ],
          [
            79.0619138,
            21.3057659
          ],
          [
            79.0632848,
            21.3062039
          ],
          [
            79.064029,
            21.3063863
          ],
          [
            79.0650279,
            21.3063681
          ],
          [
            79.0655958,
            21.3059849
          ],
          [
            79.0660659,
            21.3055287
          ],
          [
            79.0662422,
            21.3048718
          ],
          [
            79.0663009,
            21.3042697
          ],
          [
            79.0661638,
            21.3037588
          ],
          [
            79.06587,
            21.3032478
          ],
          [
            79.0655567,
            21.3028099
          ],
          [
            79.0653216,
            21.3023537
          ],
          [
            79.0651845,
            21.3018428
          ],
          [
            79.0651845,
            21.3014414
          ],
          [
            79.0653412,
            21.3011129
          ],
          [
            79.0656938,
            21.3007662
          ],
          [
            79.0660659,
            21.3004925
          ],
          [
            79.0667514,
            21.2998173
          ],
          [
            79.0675544,
            21.2990874
          ],
          [
            79.0681028,
            21.2984123
          ],
          [
            79.0687099,
            21.2977371
          ],
          [
            79.0694737,
            21.296843
          ],
          [
            79.0702767,
            21.2954379
          ],
          [
            79.0705509,
            21.2947079
          ],
          [
            79.0707272,
            21.2939233
          ],
          [
            79.0707664,
            21.2932481
          ],
          [
            79.0707468,
            21.2926276
          ],
          [
            79.070688,
            21.2920984
          ],
          [
            79.0707664,
            21.2916605
          ],
          [
            79.0710406,
            21.291259
          ],
          [
            79.0713539,
            21.2910218
          ],
          [
            79.0719795,
            21.2908345
          ],
          [
            79.0732536,
            21.2905506
          ],
          [
            79.0739876,
            21.2901893
          ],
          [
            79.0746801,
            21.2896215
          ],
          [
            79.0751648,
            21.2887311
          ],
          [
            79.075331,
            21.2880988
          ],
          [
            79.0754141,
            21.2872988
          ],
          [
            79.0754972,
            21.2861245
          ],
          [
            79.0755249,
            21.285389
          ],
          [
            79.0750678,
            21.2830791
          ],
          [
            79.0754279,
            21.282008
          ],
          [
            79.0758434,
            21.2812983
          ],
          [
            79.0765497,
            21.2807305
          ],
          [
            79.0771036,
            21.2804208
          ],
          [
            79.0781008,
            21.2801885
          ],
          [
            79.0789594,
            21.2802401
          ],
          [
            79.0798042,
            21.2802143
          ],
          [
            79.0805797,
            21.2801498
          ],
          [
            79.0811198,
            21.2799949
          ],
          [
            79.0814799,
            21.2796981
          ],
          [
            79.0818123,
            21.2792593
          ],
          [
            79.0821031,
            21.2783689
          ],
          [
            79.0820339,
            21.2774269
          ],
          [
            79.0821447,
            21.2769494
          ],
          [
            79.0830448,
            21.2753491
          ],
          [
            79.083948,
            21.2737305
          ],
          [
            79.0843466,
            21.2728326
          ],
          [
            79.0847206,
            21.2716324
          ],
          [
            79.0848037,
            21.2708968
          ],
          [
            79.0854546,
            21.2707678
          ],
          [
            79.0861193,
            21.2711033
          ],
          [
            79.0868118,
            21.2714259
          ],
          [
            79.0873657,
            21.2717099
          ],
          [
            79.0881274,
            21.2718776
          ],
          [
            79.0885706,
            21.2719163
          ],
          [
            79.0894292,
            21.2719551
          ],
          [
            79.0908833,
            21.2720841
          ],
          [
            79.0916727,
            21.2724068
          ],
          [
            79.092199,
            21.2728455
          ],
          [
            79.0928638,
            21.2732972
          ],
          [
            79.093944,
            21.273323
          ],
          [
            79.0948995,
            21.2731424
          ],
          [
            79.0957443,
            21.272781
          ],
          [
            79.0962844,
            21.2724326
          ],
          [
            79.0971569,
            21.2717873
          ],
          [
            79.0973924,
            21.2714518
          ],
          [
            79.0978494,
            21.2704967
          ],
          [
            79.0983064,
            21.2701612
          ],
          [
            79.0992066,
            21.2700063
          ],
          [
            79.1004114,
            21.2699031
          ],
          [
            79.1022256,
            21.2697998
          ],
          [
            79.103389,
            21.2697224
          ],
          [
            79.1041645,
            21.2696192
          ],
          [
            79.1064357,
            21.2691675
          ],
          [
            79.1077652,
            21.2687029
          ],
          [
            79.1092471,
            21.2677866
          ],
          [
            79.1098108,
            21.2670122
          ],
          [
            79.1100601,
            21.266567
          ],
          [
            79.1106625,
            21.2659926
          ],
          [
            79.1113896,
            21.2650957
          ],
          [
            79.1115212,
            21.264644
          ],
          [
            79.1114935,
            21.2642503
          ],
          [
            79.1113827,
            21.2637986
          ],
          [
            79.1111749,
            21.2633856
          ],
          [
            79.1109187,
            21.2628307
          ],
          [
            79.1107387,
            21.2624822
          ],
          [
            79.1105448,
            21.2616949
          ],
          [
            79.1107318,
            21.2610044
          ],
          [
            79.1112165,
            21.2605333
          ],
          [
            79.1121178,
            21.2601276
          ],
          [
            79.1129822,
            21.2594879
          ],
          [
            79.1136054,
            21.2590555
          ],
          [
            79.1143948,
            21.2586038
          ],
          [
            79.1150249,
            21.2584876
          ],
          [
            79.1155512,
            21.2585006
          ],
          [
            79.1159459,
            21.2584941
          ],
          [
            79.1171092,
            21.257881
          ],
          [
            79.1177532,
            21.2575906
          ],
          [
            79.118231,
            21.2573777
          ],
          [
            79.1190619,
            21.2568679
          ],
          [
            79.1196713,
            21.2566936
          ],
          [
            79.1212362,
            21.2565323
          ],
          [
            79.1228704,
            21.256371
          ],
          [
            79.1243661,
            21.2560547
          ],
          [
            79.1256817,
            21.2557321
          ],
          [
            79.1267481,
            21.2555256
          ],
          [
            79.1276621,
            21.2552158
          ],
          [
            79.1279114,
            21.2549835
          ],
          [
            79.1281607,
            21.2546543
          ],
          [
            79.1282784,
            21.2538347
          ],
          [
            79.1286385,
            21.2534863
          ],
          [
            79.1290124,
            21.2532991
          ],
          [
            79.1293655,
            21.2532991
          ],
          [
            79.1297879,
            21.2533314
          ],
          [
            79.1300718,
            21.2534475
          ],
          [
            79.1308889,
            21.2536799
          ],
          [
            79.1314013,
            21.253525
          ],
          [
            79.1318099,
            21.2532023
          ],
          [
            79.1320869,
            21.2528151
          ],
          [
            79.1324192,
            21.2523762
          ],
          [
            79.1324192,
            21.2519761
          ],
          [
            79.1322669,
            21.250537
          ],
          [
            79.1322184,
            21.2499368
          ],
          [
            79.1324331,
            21.249485
          ],
          [
            79.1334025,
            21.2490655
          ],
          [
            79.1339288,
            21.2490075
          ],
          [
            79.1351752,
            21.2488977
          ],
          [
            79.1361792,
            21.2488655
          ],
          [
            79.1366155,
            21.2490075
          ],
          [
            79.1372802,
            21.249001
          ],
          [
            79.1384366,
            21.2489881
          ],
          [
            79.139039,
            21.2489558
          ],
          [
            79.1392329,
            21.2484912
          ],
          [
            79.1400431,
            21.2482524
          ],
          [
            79.1404378,
            21.2483943
          ],
          [
            79.1407702,
            21.248788
          ],
          [
            79.1417465,
            21.2496206
          ],
          [
            79.1427852,
            21.250666
          ],
          [
            79.1432214,
            21.251021
          ],
          [
            79.1438031,
            21.2512791
          ],
          [
            79.1443847,
            21.2514727
          ],
          [
            79.1453265,
            21.251789
          ],
          [
            79.1472307,
            21.2525182
          ],
          [
            79.1479924,
            21.2528732
          ],
          [
            79.1494258,
            21.2535314
          ],
          [
            79.1506029,
            21.2538477
          ],
          [
            79.1514477,
            21.2539186
          ],
          [
            79.1524033,
            21.2538735
          ],
          [
            79.1534212,
            21.2536218
          ],
          [
            79.1539197,
            21.2535831
          ],
          [
            79.1544252,
            21.253241
          ],
          [
            79.1551523,
            21.2518277
          ],
          [
            79.1566688,
            21.2504208
          ],
          [
            79.1571604,
            21.2498013
          ],
          [
            79.1575689,
            21.2491236
          ],
          [
            79.1584774,
            21.2488511
          ]
        ]
      },
      "properties": {
        "osm_id": 226312504,
        "name": "Kolar",
        "waterway_type": "river",
        "intermittent": "no"
      }
    },
    {
      "type": "Feature",
      "geometry": {
        "type": "LineString",
        "coordinates": [
          [
            79.0434874,
            21.1131756
          ],
          [
            79.0435625,
            21.1131105
          ],
          [
            79.0442169,
            21.1127752
          ],
          [
            79.0444154,
            21.1124099
          ],
          [
            79.044866,
            21.1119695
          ],
          [
            79.0452415,
            21.1118695
          ],
          [
            79.0454413,
            21.1118305
          ]
        ]
      },
      "properties": {
        "osm_id": 262646852,
        "name": "unnamed",
        "waterway_type": "stream",
        "intermittent": "no"
      }
    },
    {
      "type": "Feature",
      "geometry": {
        "type": "LineString",
        "coordinates": [
          [
            79.0483721,
            21.1057343
          ],
          [
            79.0486603,
            21.1057375
          ],
          [
            79.0487706,
            21.1057388
          ],
          [
            79.0489874,
            21.1058292
          ]
        ]
      },
      "properties": {
        "osm_id": 262655214,
        "name": "unnamed",
        "waterway_type": "stream",
        "intermittent": "no"
      }
    },
    {
      "type": "Feature",
      "geometry": {
        "type": "LineString",
        "coordinates": [
          [
            79.0797349,
            21.1076451
          ],
          [
            79.079954,
            21.1072952
          ],
          [
            79.0806836,
            21.1069349
          ],
          [
            79.0812415,
            21.1066346
          ],
          [
            79.0817383,
            21.1061941
          ],
          [
            79.0819224,
            21.105973
          ],
          [
            79.0820783,
            21.1057858
          ],
          [
            79.082246,
            21.1050245
          ],
          [
            79.0822354,
            21.1049097
          ],
          [
            79.0819735,
            21.1047325
          ],
          [
            79.0813059,
            21.1041323
          ],
          [
            79.08122,
            21.1039121
          ],
          [
            79.0813394,
            21.1032334
          ],
          [
            79.0813572,
            21.10277
          ],
          [
            79.0813508,
            21.1027138
          ],
          [
            79.0813514,
            21.1025647
          ],
          [
            79.0813204,
            21.1023948
          ],
          [
            79.0811062,
            21.1015303
          ],
          [
            79.0811517,
            21.1014638
          ],
          [
            79.0823144,
            21.1000885
          ],
          [
            79.0823151,
            21.1000073
          ],
          [
            79.0823573,
            21.0997682
          ],
          [
            79.0824431,
            21.0992277
          ],
          [
            79.082486,
            21.0985871
          ],
          [
            79.0826577,
            21.0984069
          ],
          [
            79.082765,
            21.0981867
          ],
          [
            79.0827221,
            21.0979465
          ],
          [
            79.083516,
            21.0976582
          ],
          [
            79.0842885,
            21.097458
          ],
          [
            79.0845031,
            21.0969255
          ],
          [
            79.0844601,
            21.0966172
          ],
          [
            79.084267,
            21.0959846
          ],
          [
            79.0847606,
            21.0953239
          ],
          [
            79.0851468,
            21.0950436
          ],
          [
            79.0854687,
            21.0951237
          ],
          [
            79.0860051,
            21.0950837
          ],
          [
            79.0864343,
            21.0947233
          ],
          [
            79.0866917,
            21.0946833
          ],
          [
            79.0873998,
            21.0948835
          ],
          [
            79.0877432,
            21.0946633
          ],
          [
            79.0884513,
            21.0945031
          ],
          [
            79.089095,
            21.0941227
          ],
          [
            79.0894383,
            21.0937223
          ],
          [
            79.0901035,
            21.0920006
          ],
          [
            79.0908974,
            21.0917804
          ],
          [
            79.0913481,
            21.0918805
          ],
          [
            79.0922493,
            21.09134
          ],
          [
            79.0925068,
            21.0910397
          ],
          [
            79.0926784,
            21.0910997
          ],
          [
            79.0929574,
            21.0910116
          ],
          [
            79.0930432,
            21.0908194
          ],
          [
            79.0935367,
            21.0907794
          ],
          [
            79.093644,
            21.0905592
          ],
          [
            79.0937465,
            21.0902534
          ],
          [
            79.0939421,
            21.0896241
          ],
          [
            79.0941637,
            21.0893471
          ],
          [
            79.0944043,
            21.0891369
          ],
          [
            79.0947158,
            21.0889364
          ],
          [
            79.0948123,
            21.0889308
          ],
          [
            79.0950654,
            21.0890613
          ],
          [
            79.0951832,
            21.0891157
          ],
          [
            79.0952895,
            21.0891249
          ],
          [
            79.0962524,
            21.0888616
          ],
          [
            79.0963466,
            21.0888442
          ]
        ]
      },
      "properties": {
        "osm_id": 304643761,
        "name": "unnamed",
        "waterway_type": "stream",
        "intermittent": "no"
      }
    },
    {
      "type": "Feature",
      "geometry": {
        "type": "LineString",
        "coordinates": [
          [
            79.0795646,
            21.1080649
          ],
          [
            79.0797349,
            21.1076451
          ]
        ]
      },
      "properties": {
        "osm_id": 304643762,
        "name": "unnamed",
        "waterway_type": "stream",
        "intermittent": "no"
      }
    },
    {
      "type": "Feature",
      "geometry": {
        "type": "LineString",
        "coordinates": [
          [
            79.0744593,
            21.1112223
          ],
          [
            79.0746169,
            21.1111523
          ]
        ]
      },
      "properties": {
        "osm_id": 304643763,
        "name": "unnamed",
        "waterway_type": "stream",
        "intermittent": "no"
      }
    },
    {
      "type": "Feature",
      "geometry": {
        "type": "LineString",
        "coordinates": [
          [
            79.0985864,
            21.1053504
          ],
          [
            79.098793,
            21.1050199
          ]
        ]
      },
      "properties": {
        "osm_id": 304643764,
        "name": "unnamed",
        "waterway_type": "stream",
        "intermittent": "no"
      }
    },
    {
      "type": "Feature",
      "geometry": {
        "type": "LineString",
        "coordinates": [
          [
            79.127316,
            21.1105024
          ],
          [
            79.1274188,
            21.1101896
          ]
        ]
      },
      "properties": {
        "osm_id": 304643765,
        "name": "unnamed",
        "waterway_type": "stream",
        "intermittent": "no"
      }
    },
    {
      "type": "Feature",
      "geometry": {
        "type": "LineString",
        "coordinates": [
          [
            79.1274188,
            21.1101896
          ],
          [
            79.1276941,
            21.1098757
          ],
          [
            79.1282043,
            21.10903
          ]
        ]
      },
      "properties": {
        "osm_id": 304643767,
        "name": "unnamed",
        "waterway_type": "stream",
        "intermittent": "no"
      }
    },
    {
      "type": "Feature",
      "geometry": {
        "type": "LineString",
        "coordinates": [
          [
            79.098793,
            21.1050199
          ],
          [
            79.0993285,
            21.104957
          ],
          [
            79.0994761,
            21.1048862
          ],
          [
            79.1006272,
            21.1047761
          ],
          [
            79.1011711,
            21.1048233
          ],
          [
            79.1013102,
            21.1049098
          ],
          [
            79.1014136,
            21.1049616
          ],
          [
            79.1017951,
            21.1047997
          ],
          [
            79.1021408,
            21.104603
          ],
          [
            79.1029335,
            21.1041821
          ],
          [
            79.1033003,
            21.1039461
          ],
          [
            79.103468,
            21.1037392
          ],
          [
            79.1037382,
            21.1031576
          ],
          [
            79.1041725,
            21.1030011
          ],
          [
            79.1043682,
            21.1027376
          ],
          [
            79.1043892,
            21.102217
          ],
          [
            79.104262,
            21.1017592
          ],
          [
            79.1042892,
            21.1011315
          ],
          [
            79.1040154,
            21.1006059
          ],
          [
            79.1036317,
            21.0996759
          ],
          [
            79.1035405,
            21.0992656
          ],
          [
            79.1035622,
            21.0989403
          ],
          [
            79.1033953,
            21.0985509
          ],
          [
            79.1036282,
            21.098205
          ],
          [
            79.1036787,
            21.0979014
          ],
          [
            79.1043471,
            21.0976735
          ],
          [
            79.1046951,
            21.0974605
          ],
          [
            79.1048263,
            21.0970599
          ],
          [
            79.1057446,
            21.0955579
          ],
          [
            79.1058042,
            21.0952797
          ],
          [
            79.105518,
            21.0950349
          ],
          [
            79.1052199,
            21.0948569
          ],
          [
            79.1050887,
            21.0945676
          ],
          [
            79.1049098,
            21.094334
          ],
          [
            79.1047309,
            21.0941448
          ],
          [
            79.1050052,
            21.093633
          ],
          [
            79.1051722,
            21.0936108
          ],
          [
            79.1058281,
            21.0938444
          ],
          [
            79.1061143,
            21.093811
          ],
          [
            79.1062336,
            21.0936441
          ],
          [
            79.1060308,
            21.0934105
          ],
          [
            79.1066946,
            21.0916859
          ],
          [
            79.1071954,
            21.0914856
          ],
          [
            79.1075532,
            21.0913075
          ],
          [
            79.1078394,
            21.0901281
          ],
          [
            79.1084119,
            21.0893937
          ],
          [
            79.1083642,
            21.0889042
          ],
          [
            79.1083953,
            21.0888805
          ],
          [
            79.1086265,
            21.0887039
          ],
          [
            79.109676,
            21.0889042
          ],
          [
            79.1098385,
            21.088864
          ],
          [
            79.1099312,
            21.0887787
          ],
          [
            79.1102358,
            21.0882966
          ],
          [
            79.110921,
            21.0878741
          ],
          [
            79.111751,
            21.0875467
          ],
          [
            79.1123473,
            21.0867455
          ],
          [
            79.1126335,
            21.0863449
          ],
          [
            79.1131222,
            21.0860117
          ]
        ]
      },
      "properties": {
        "osm_id": 304643769,
        "name": "unnamed",
        "waterway_type": "stream",
        "intermittent": "no"
      }
    },
    {
      "type": "Feature",
      "geometry": {
        "type": "LineString",
        "coordinates": [
          [
            79.0746169,
            21.1111523
          ],
          [
            79.0748045,
            21.1110455
          ],
          [
            79.0756199,
            21.1100856
          ],
          [
            79.0759928,
            21.1098999
          ]
        ]
      },
      "properties": {
        "osm_id": 304643770,
        "name": "unnamed",
        "waterway_type": "stream",
        "intermittent": "no"
      }
    },
    {
      "type": "Feature",
      "geometry": {
        "type": "LineString",
        "coordinates": [
          [
            78.9961549,
            21.1103278
          ],
          [
            78.9962249,
            21.1103735
          ]
        ]
      },
      "properties": {
        "osm_id": 305113291,
        "name": "unnamed",
        "waterway_type": "stream",
        "intermittent": "no"
      }
    },
    {
      "type": "Feature",
      "geometry": {
        "type": "LineString",
        "coordinates": [
          [
            78.9962249,
            21.1103735
          ],
          [
            78.9962911,
            21.1104167
          ],
          [
            78.9963571,
            21.1105258
          ],
          [
            78.9964929,
            21.1107053
          ],
          [
            78.9965552,
            21.1107915
          ],
          [
            78.9966269,
            21.1108513
          ],
          [
            78.9968332,
            21.110902
          ],
          [
            78.9970146,
            21.1109555
          ],
          [
            78.997192,
            21.1110152
          ],
          [
            78.997276,
            21.1110874
          ],
          [
            78.9975508,
            21.1112243
          ],
          [
            78.9977455,
            21.1113114
          ],
          [
            78.9980069,
            21.1113786
          ],
          [
            78.998215,
            21.1113836
          ],
          [
            78.9984311,
            21.1113885
          ],
          [
            78.9986952,
            21.1114707
          ],
          [
            78.9987912,
            21.1115901
          ],
          [
            78.9989433,
            21.1116225
          ],
          [
            78.999138,
            21.1116299
          ],
          [
            78.9993408,
            21.1117121
          ],
          [
            78.9995249,
            21.1117743
          ],
          [
            78.9996689,
            21.1118315
          ],
          [
            79.0004159,
            21.1122173
          ],
          [
            79.0009494,
            21.1125607
          ],
          [
            79.0012695,
            21.1127797
          ],
          [
            79.0015363,
            21.1127822
          ],
          [
            79.0018244,
            21.1127573
          ],
          [
            79.0020325,
            21.1129016
          ],
          [
            79.0020805,
            21.1130833
          ],
          [
            79.0022726,
            21.1132724
          ],
          [
            79.0025367,
            21.1133247
          ],
          [
            79.0028301,
            21.1133396
          ],
          [
            79.0029022,
            21.1134118
          ],
          [
            79.0029902,
            21.1137851
          ],
          [
            79.0030676,
            21.1139046
          ]
        ]
      },
      "properties": {
        "osm_id": 305113292,
        "name": "unnamed",
        "waterway_type": "stream",
        "intermittent": "no"
      }
    },
    {
      "type": "Feature",
      "geometry": {
        "type": "LineString",
        "coordinates": [
          [
            79.1143647,
            21.2486596
          ],
          [
            79.1148367,
            21.2479213
          ],
          [
            79.116095,
            21.2458985
          ],
          [
            79.1165082,
            21.2453245
          ],
          [
            79.1167664,
            21.2451024
          ],
          [
            79.117279,
            21.2448691
          ],
          [
            79.1186497,
            21.2444284
          ],
          [
            79.1198138,
            21.2442025
          ],
          [
            79.1220347,
            21.2437693
          ],
          [
            79.1246768,
            21.2432138
          ]
        ]
      },
      "properties": {
        "osm_id": 308766220,
        "name": "unnamed",
        "waterway_type": "canal",
        "intermittent": "no"
      }
    },
    {
      "type": "Feature",
      "geometry": {
        "type": "LineString",
        "coordinates": [
          [
            79.1250264,
            21.2431397
          ],
          [
            79.1254714,
            21.242962
          ],
          [
            79.1258687,
            21.2427398
          ],
          [
            79.1264607,
            21.2426472
          ],
          [
            79.126866,
            21.2427028
          ],
          [
            79.1284711,
            21.243099
          ],
          [
            79.1288485,
            21.243099
          ],
          [
            79.1291902,
            21.2430212
          ],
          [
            79.1295517,
            21.2428472
          ],
          [
            79.1298497,
            21.2426435
          ],
          [
            79.1301517,
            21.2423584
          ],
          [
            79.1316932,
            21.2407697
          ],
          [
            79.1319396,
            21.240592
          ],
          [
            79.1323607,
            21.240355
          ],
          [
            79.1330282,
            21.2399254
          ],
          [
            79.1334175,
            21.2394477
          ],
          [
            79.1341327,
            21.2381219
          ],
          [
            79.1345459,
            21.2369517
          ],
          [
            79.1346611,
            21.2362555
          ],
          [
            79.1346333,
            21.2355852
          ],
          [
            79.1345936,
            21.235463
          ],
          [
            79.1341923,
            21.2348409
          ],
          [
            79.1337076,
            21.2343668
          ],
          [
            79.1329765,
            21.2337706
          ],
          [
            79.1326468,
            21.2333114
          ],
          [
            79.1321581,
            21.2320893
          ],
          [
            79.1317687,
            21.2310634
          ],
          [
            79.1317171,
            21.2305301
          ],
          [
            79.1317687,
            21.2300265
          ],
          [
            79.1319435,
            21.229745
          ],
          [
            79.1326229,
            21.2291451
          ],
          [
            79.1331831,
            21.2287821
          ],
          [
            79.1339301,
            21.2283414
          ],
          [
            79.13453,
            21.2273748
          ],
          [
            79.1353326,
            21.2260267
          ],
          [
            79.1356583,
            21.2255119
          ],
          [
            79.1357656,
            21.2250971
          ],
          [
            79.1357315,
            21.223717
          ],
          [
            79.1354137,
            21.2228133
          ],
          [
            79.1346508,
            21.2221318
          ],
          [
            79.1328073,
            21.2211615
          ],
          [
            79.131828,
            21.2212195
          ],
          [
            79.1285701,
            21.2225083
          ],
          [
            79.1255345,
            21.2235451
          ],
          [
            79.1248041,
            21.2236079
          ],
          [
            79.1241748,
            21.2234613
          ],
          [
            79.1234106,
            21.2231261
          ],
          [
            79.1229162,
            21.2224033
          ],
          [
            79.1226802,
            21.2209786
          ],
          [
            79.1227813,
            21.2200358
          ],
          [
            79.1231297,
            21.2194073
          ],
          [
            79.123714,
            21.2189254
          ],
          [
            79.1245119,
            21.2186321
          ],
          [
            79.1268605,
            21.2179511
          ],
          [
            79.127591,
            21.2175321
          ],
          [
            79.1280293,
            21.216715
          ],
          [
            79.1284675,
            21.2155417
          ],
          [
            79.1288271,
            21.2150598
          ],
          [
            79.1296924,
            21.2150912
          ],
          [
            79.1314904,
            21.2148503
          ],
          [
            79.1321984,
            21.2142636
          ],
          [
            79.1327153,
            21.2135303
          ],
          [
            79.1334345,
            21.2124722
          ],
          [
            79.1341874,
            21.2121056
          ],
          [
            79.1347156,
            21.2120532
          ],
          [
            79.1354728,
            21.212135
          ],
          [
            79.1369112,
            21.2126588
          ],
          [
            79.1375292,
            21.2126274
          ],
          [
            79.1384507,
            21.2125017
          ],
          [
            79.1412039,
            21.2127636
          ],
          [
            79.1421591,
            21.2130255
          ],
          [
            79.1433053,
            21.2131512
          ],
          [
            79.1438447,
            21.2130779
          ],
          [
            79.144238,
            21.2128055
          ],
          [
            79.1445527,
            21.2124598
          ],
          [
            79.1448224,
            21.2118836
          ],
          [
            79.1454292,
            21.2104902
          ],
          [
            79.1457101,
            21.210155
          ],
          [
            79.1460697,
            21.2099455
          ],
          [
            79.1470811,
            21.2097779
          ],
          [
            79.1487218,
            21.209516
          ],
          [
            79.1502501,
            21.2086255
          ],
          [
            79.1512502,
            21.2077978
          ],
          [
            79.1515646,
            21.2072298
          ]
        ]
      },
      "properties": {
        "osm_id": 308766222,
        "name": "unnamed",
        "waterway_type": "canal",
        "intermittent": "no"
      }
    },
    {
      "type": "Feature",
      "geometry": {
        "type": "LineString",
        "coordinates": [
          [
            79.0631176,
            21.1499495
          ],
          [
            79.0635796,
            21.1493195
          ],
          [
            79.0637073,
            21.1486237
          ],
          [
            79.0639169,
            21.1478945
          ],
          [
            79.0640957,
            21.1476324
          ],
          [
            79.0643103,
            21.1475323
          ],
          [
            79.0643359,
            21.1473893
          ],
          [
            79.0643563,
            21.1470414
          ],
          [
            79.0644943,
            21.1467174
          ],
          [
            79.0650155,
            21.1466268
          ],
          [
            79.0653889,
            21.1466147
          ]
        ]
      },
      "properties": {
        "osm_id": 308766229,
        "name": "unnamed",
        "waterway_type": "stream",
        "intermittent": "no"
      }
    },
    {
      "type": "Feature",
      "geometry": {
        "type": "LineString",
        "coordinates": [
          [
            79.0928473,
            21.2494367
          ],
          [
            79.0928292,
            21.249504
          ]
        ]
      },
      "properties": {
        "osm_id": 308766231,
        "name": "unnamed",
        "waterway_type": "river",
        "intermittent": "no"
      }
    },
    {
      "type": "Feature",
      "geometry": {
        "type": "LineString",
        "coordinates": [
          [
            79.1142467,
            21.2488639
          ],
          [
            79.1143647,
            21.2486596
          ]
        ]
      },
      "properties": {
        "osm_id": 308766233,
        "name": "unnamed",
        "waterway_type": "canal",
        "intermittent": "no"
      }
    },
    {
      "type": "Feature",
      "geometry": {
        "type": "LineString",
        "coordinates": [
          [
            79.0659266,
            21.1464858
          ],
          [
            79.0660764,
            21.1462446
          ]
        ]
      },
      "properties": {
        "osm_id": 308766234,
        "name": "unnamed",
        "waterway_type": "stream",
        "intermittent": "no"
      }
    },
    {
      "type": "Feature",
      "geometry": {
        "type": "LineString",
        "coordinates": [
          [
            79.0736661,
            21.1430946
          ],
          [
            79.0737516,
            21.1430816
          ]
        ]
      },
      "properties": {
        "osm_id": 308766237,
        "name": "unnamed",
        "waterway_type": "stream",
        "intermittent": "no"
      }
    },
    {
      "type": "Feature",
      "geometry": {
        "type": "LineString",
        "coordinates": [
          [
            79.0848726,
            21.2497127
          ],
          [
            79.0852003,
            21.2496653
          ]
        ]
      },
      "properties": {
        "osm_id": 308766238,
        "name": "unnamed",
        "waterway_type": "canal",
        "intermittent": "no"
      }
    },
    {
      "type": "Feature",
      "geometry": {
        "type": "LineString",
        "coordinates": [
          [
            79.1108558,
            21.2498562
          ],
          [
            79.1109991,
            21.2498641
          ]
        ]
      },
      "properties": {
        "osm_id": 308766239,
        "name": "unnamed",
        "waterway_type": "canal",
        "intermittent": "no"
      }
    },
    {
      "type": "Feature",
      "geometry": {
        "type": "LineString",
        "coordinates": [
          [
            79.0802962,
            21.1421544
          ],
          [
            79.0806969,
            21.1419735
          ]
        ]
      },
      "properties": {
        "osm_id": 308766241,
        "name": "unnamed",
        "waterway_type": "stream",
        "intermittent": "no"
      }
    },
    {
      "type": "Feature",
      "geometry": {
        "type": "LineString",
        "coordinates": [
          [
            79.0928292,
            21.249504
          ],
          [
            79.0927443,
            21.2498496
          ]
        ]
      },
      "properties": {
        "osm_id": 308766242,
        "name": "unnamed",
        "waterway_type": "river",
        "intermittent": "no"
      }
    },
    {
      "type": "Feature",
      "geometry": {
        "type": "LineString",
        "coordinates": [
          [
            79.0928796,
            21.2492237
          ],
          [
            79.0928473,
            21.2494367
          ]
        ]
      },
      "properties": {
        "osm_id": 308766243,
        "name": "unnamed",
        "waterway_type": "river",
        "intermittent": "no"
      }
    },
    {
      "type": "Feature",
      "geometry": {
        "type": "LineString",
        "coordinates": [
          [
            79.0653889,
            21.1466147
          ],
          [
            79.0654963,
            21.1466216
          ]
        ]
      },
      "properties": {
        "osm_id": 308766244,
        "name": "unnamed",
        "waterway_type": "stream",
        "intermittent": "no"
      }
    },
    {
      "type": "Feature",
      "geometry": {
        "type": "LineString",
        "coordinates": [
          [
            79.0594969,
            21.1578525
          ],
          [
            79.059526,
            21.1576693
          ]
        ]
      },
      "properties": {
        "osm_id": 308766245,
        "name": "unnamed",
        "waterway_type": "stream",
        "intermittent": "no"
      }
    },
    {
      "type": "Feature",
      "geometry": {
        "type": "LineString",
        "coordinates": [
          [
            79.1246768,
            21.2432138
          ],
          [
            79.1250264,
            21.2431397
          ]
        ]
      },
      "properties": {
        "osm_id": 308766246,
        "name": "unnamed",
        "waterway_type": "canal",
        "intermittent": "no"
      }
    },
    {
      "type": "Feature",
      "geometry": {
        "type": "LineString",
        "coordinates": [
          [
            79.059526,
            21.1576693
          ],
          [
            79.059546,
            21.1575435
          ],
          [
            79.0596599,
            21.157327
          ],
          [
            79.060428,
            21.1565517
          ],
          [
            79.0605926,
            21.1562762
          ],
          [
            79.0606559,
            21.1560086
          ],
          [
            79.0605672,
            21.1557607
          ],
          [
            79.0607698,
            21.1549342
          ],
          [
            79.060888,
            21.1545485
          ],
          [
            79.0609133,
            21.1540565
          ],
          [
            79.060774,
            21.1538204
          ],
          [
            79.0606432,
            21.1534505
          ],
          [
            79.0606474,
            21.1533048
          ],
          [
            79.0607698,
            21.1528444
          ],
          [
            79.0608331,
            21.1526869
          ],
          [
            79.0609386,
            21.152561
          ],
          [
            79.06131,
            21.1523524
          ],
          [
            79.0617151,
            21.151947
          ],
          [
            79.0618651,
            21.1519164
          ],
          [
            79.0626745,
            21.1513503
          ],
          [
            79.0627369,
            21.1507645
          ]
        ]
      },
      "properties": {
        "osm_id": 308766248,
        "name": "unnamed",
        "waterway_type": "stream",
        "intermittent": "no"
      }
    },
    {
      "type": "Feature",
      "geometry": {
        "type": "LineString",
        "coordinates": [
          [
            79.0737516,
            21.1430816
          ],
          [
            79.0737751,
            21.1430792
          ],
          [
            79.07386,
            21.1430705
          ],
          [
            79.0743511,
            21.1429138
          ],
          [
            79.0751007,
            21.1426968
          ],
          [
            79.0753721,
            21.1424075
          ],
          [
            79.0756952,
            21.1422508
          ],
          [
            79.076406,
            21.1421785
          ],
          [
            79.0771169,
            21.1422749
          ],
          [
            79.0773702,
            21.1424047
          ],
          [
            79.077776,
            21.1427571
          ],
          [
            79.0779134,
            21.142832
          ]
        ]
      },
      "properties": {
        "osm_id": 308766249,
        "name": "unnamed",
        "waterway_type": "stream",
        "intermittent": "no"
      }
    },
    {
      "type": "Feature",
      "geometry": {
        "type": "LineString",
        "coordinates": [
          [
            79.0654963,
            21.1466216
          ],
          [
            79.0658893,
            21.1465458
          ],
          [
            79.0659266,
            21.1464858
          ]
        ]
      },
      "properties": {
        "osm_id": 308766250,
        "name": "unnamed",
        "waterway_type": "stream",
        "intermittent": "no"
      }
    },
    {
      "type": "Feature",
      "geometry": {
        "type": "LineString",
        "coordinates": [
          [
            79.0627369,
            21.1507645
          ],
          [
            79.0628646,
            21.1503093
          ],
          [
            79.0631176,
            21.1499495
          ]
        ]
      },
      "properties": {
        "osm_id": 308766251,
        "name": "unnamed",
        "waterway_type": "stream",
        "intermittent": "no"
      }
    },
    {
      "type": "Feature",
      "geometry": {
        "type": "LineString",
        "coordinates": [
          [
            79.0852003,
            21.2496653
          ],
          [
            79.086565,
            21.2494455
          ],
          [
            79.0876206,
            21.2492731
          ],
          [
            79.0890835,
            21.249058
          ],
          [
            79.0896712,
            21.2490022
          ],
          [
            79.0904221,
            21.2490428
          ],
          [
            79.0912112,
            21.2492152
          ],
          [
            79.0931973,
            21.2497021
          ],
          [
            79.0940027,
            21.2498999
          ],
          [
            79.0942584,
            21.2500875
          ],
          [
            79.0945196,
            21.2504983
          ],
          [
            79.0954501,
            21.2519792
          ],
          [
            79.0964296,
            21.2534245
          ],
          [
            79.0968268,
            21.2535919
          ],
          [
            79.097088,
            21.2536172
          ],
          [
            79.0973982,
            21.2535513
          ],
          [
            79.0988075,
            21.2531253
          ],
          [
            79.0994931,
            21.2529174
          ],
          [
            79.100206,
            21.2528058
          ],
          [
            79.1009134,
            21.2528312
          ],
          [
            79.101549,
            21.2528111
          ],
          [
            79.101953,
            21.2528649
          ],
          [
            79.1022031,
            21.2527789
          ],
          [
            79.1028572,
            21.2525063
          ],
          [
            79.1035844,
            21.2521943
          ],
          [
            79.1042464,
            21.2518208
          ],
          [
            79.1064952,
            21.2504026
          ],
          [
            79.1069481,
            21.2502841
          ],
          [
            79.1094035,
            21.2497138
          ],
          [
            79.1096816,
            21.249736
          ],
          [
            79.1107503,
            21.2498619
          ],
          [
            79.1108558,
            21.2498562
          ]
        ]
      },
      "properties": {
        "osm_id": 308766252,
        "name": "unnamed",
        "waterway_type": "canal",
        "intermittent": "no"
      }
    },
    {
      "type": "Feature",
      "geometry": {
        "type": "LineString",
        "coordinates": [
          [
            79.0660764,
            21.1462446
          ],
          [
            79.0661313,
            21.1461563
          ],
          [
            79.066519,
            21.1459394
          ],
          [
            79.0667387,
            21.1453728
          ],
          [
            79.0669972,
            21.1450474
          ],
          [
            79.067204,
            21.1448907
          ]
        ]
      },
      "properties": {
        "osm_id": 308766255,
        "name": "unnamed",
        "waterway_type": "stream",
        "intermittent": "no"
      }
    },
    {
      "type": "Feature",
      "geometry": {
        "type": "LineString",
        "coordinates": [
          [
            79.0806969,
            21.1419735
          ],
          [
            79.0808132,
            21.1418048
          ],
          [
            79.08084,
            21.1415442
          ]
        ]
      },
      "properties": {
        "osm_id": 308766258,
        "name": "unnamed",
        "waterway_type": "stream",
        "intermittent": "no"
      }
    },
    {
      "type": "Feature",
      "geometry": {
        "type": "LineString",
        "coordinates": [
          [
            79.1109991,
            21.2498641
          ],
          [
            79.1119262,
            21.2499165
          ],
          [
            79.1127606,
            21.24994
          ],
          [
            79.1133224,
            21.2498327
          ],
          [
            79.1136905,
            21.249597
          ],
          [
            79.114022,
            21.2492043
          ],
          [
            79.1142467,
            21.2488639
          ]
        ]
      },
      "properties": {
        "osm_id": 308766259,
        "name": "unnamed",
        "waterway_type": "canal",
        "intermittent": "no"
      }
    },
    {
      "type": "Feature",
      "geometry": {
        "type": "LineString",
        "coordinates": [
          [
            79.079631,
            21.1397025
          ],
          [
            79.080084,
            21.1398262
          ]
        ]
      },
      "properties": {
        "osm_id": 308766266,
        "name": "Naag",
        "waterway_type": "river",
        "intermittent": "no"
      }
    },
    {
      "type": "Feature",
      "geometry": {
        "type": "LineString",
        "coordinates": [
          [
            79.080084,
            21.1398262
          ],
          [
            79.080234,
            21.1398898
          ],
          [
            79.080549,
            21.1399721
          ],
          [
            79.0813111,
            21.1402052
          ],
          [
            79.081861,
            21.1403224
          ],
          [
            79.0822055,
            21.1402523
          ],
          [
            79.0823858,
            21.1402923
          ],
          [
            79.0827291,
            21.1404605
          ],
          [
            79.0830638,
            21.1405085
          ],
          [
            79.0832288,
            21.1404878
          ]
        ]
      },
      "properties": {
        "osm_id": 308766267,
        "name": "Naag",
        "waterway_type": "river",
        "intermittent": "no"
      }
    },
    {
      "type": "Feature",
      "geometry": {
        "type": "LineString",
        "coordinates": [
          [
            79.0444178,
            21.1789585
          ],
          [
            79.0445117,
            21.179124
          ]
        ]
      },
      "properties": {
        "osm_id": 308766268,
        "name": "Pivli Nadi",
        "waterway_type": "river",
        "intermittent": "no"
      }
    },
    {
      "type": "Feature",
      "geometry": {
        "type": "LineString",
        "coordinates": [
          [
            79.0445117,
            21.179124
          ],
          [
            79.0446026,
            21.179284
          ],
          [
            79.0449052,
            21.1794511
          ],
          [
            79.0451641,
            21.1796219
          ],
          [
            79.0452159,
            21.1798038
          ],
          [
            79.0455345,
            21.1799301
          ],
          [
            79.0457455,
            21.1799115
          ],
          [
            79.0458929,
            21.1798335
          ],
          [
            79.0462752,
            21.1799375
          ],
          [
            79.0464225,
            21.1801195
          ],
          [
            79.04655,
            21.1802643
          ],
          [
            79.0470199,
            21.1805317
          ],
          [
            79.047211,
            21.1806096
          ],
          [
            79.0473106,
            21.1807173
          ],
          [
            79.0474142,
            21.180929
          ],
          [
            79.0474699,
            21.1809438
          ],
          [
            79.0475257,
            21.1811035
          ],
          [
            79.0476451,
            21.1812446
          ],
          [
            79.0479478,
            21.1815417
          ],
          [
            79.0482146,
            21.1815825
          ],
          [
            79.0486288,
            21.1820207
          ],
          [
            79.0488518,
            21.1821173
          ],
          [
            79.0493177,
            21.1821581
          ],
          [
            79.0497956,
            21.1823438
          ],
          [
            79.0504567,
            21.1830307
          ],
          [
            79.0506877,
            21.1832127
          ],
          [
            79.0510541,
            21.1835877
          ],
          [
            79.0512253,
            21.1836917
          ],
          [
            79.0514762,
            21.1841299
          ],
          [
            79.0516236,
            21.1844567
          ],
          [
            79.0518107,
            21.18462
          ],
          [
            79.0526391,
            21.185229
          ],
          [
            79.0528103,
            21.1854035
          ],
          [
            79.0533798,
            21.1854184
          ],
          [
            79.0536944,
            21.1856375
          ],
          [
            79.0538497,
            21.1856598
          ],
          [
            79.0541205,
            21.1856078
          ],
          [
            79.0545905,
            21.1858157
          ],
          [
            79.0550923,
            21.1862984
          ],
          [
            79.0551838,
            21.1865547
          ],
          [
            79.0551918,
            21.186796
          ],
          [
            79.0552675,
            21.1869186
          ],
          [
            79.0556179,
            21.1870522
          ],
          [
            79.0557278,
            21.186984
          ],
          [
            79.0558488,
            21.1868737
          ],
          [
            79.0559277,
            21.1868579
          ],
          [
            79.0562825,
            21.1869236
          ],
          [
            79.0566739,
            21.1869262
          ],
          [
            79.0570377,
            21.1870889
          ],
          [
            79.0572371,
            21.1871047
          ],
          [
            79.0573441,
            21.187026
          ],
          [
            79.0574737,
            21.1870128
          ],
          [
            79.0576145,
            21.187068
          ],
          [
            79.057713,
            21.1871835
          ],
          [
            79.0577834,
            21.1873857
          ],
          [
            79.0579045,
            21.1874671
          ],
          [
            79.058127,
            21.1874986
          ],
          [
            79.0586339,
            21.1876325
          ],
          [
            79.0587972,
            21.1878215
          ],
          [
            79.0588957,
            21.1878924
          ],
          [
            79.0590168,
            21.1879108
          ],
          [
            79.0593483,
            21.1882217
          ],
          [
            79.0595892,
            21.1884649
          ],
          [
            79.0595853,
            21.1885708
          ],
          [
            79.0597167,
            21.1887676
          ],
          [
            79.0597326,
            21.1888771
          ],
          [
            79.0596948,
            21.1890776
          ],
          [
            79.0596968,
            21.1891723
          ],
          [
            79.0599277,
            21.1894786
          ],
          [
            79.060105,
            21.1895585
          ],
          [
            79.0602185,
            21.189564
          ],
          [
            79.0603539,
            21.1894619
          ],
          [
            79.0604474,
            21.1894267
          ],
          [
            79.0605769,
            21.1894248
          ],
          [
            79.0607421,
            21.1892837
          ],
          [
            79.0611344,
            21.1890442
          ],
          [
            79.061226,
            21.1890201
          ],
          [
            79.0613893,
            21.1891073
          ],
          [
            79.0615665,
            21.1893171
          ],
          [
            79.061682,
            21.1895139
          ],
          [
            79.0618384,
            21.1897813
          ],
          [
            79.0621087,
            21.1900123
          ],
          [
            79.0623058,
            21.1902224
          ],
          [
            79.0624253,
            21.1902484
          ],
          [
            79.0625142,
            21.1902434
          ],
          [
            79.0630774,
            21.1902801
          ],
          [
            79.0639053,
            21.1908105
          ],
          [
            79.0645586,
            21.190989
          ],
          [
            79.0649585,
            21.1912936
          ],
          [
            79.0655386,
            21.1913566
          ],
          [
            79.0662764,
            21.1915877
          ],
          [
            79.0670592,
            21.1915194
          ],
          [
            79.0673634,
            21.1912568
          ],
          [
            79.0676562,
            21.1908892
          ],
          [
            79.0679716,
            21.1899335
          ],
          [
            79.0680786,
            21.1898338
          ],
          [
            79.0683208,
            21.1897865
          ],
          [
            79.0687995,
            21.1894504
          ],
          [
            79.0689234,
            21.1893034
          ],
          [
            79.0690642,
            21.1890671
          ],
          [
            79.0692388,
            21.1889201
          ],
          [
            79.0694247,
            21.1883372
          ],
          [
            79.069374,
            21.1880483
          ],
          [
            79.0695429,
            21.1876387
          ],
          [
            79.0696443,
            21.1875127
          ],
          [
            79.0696105,
            21.1873972
          ],
          [
            79.0700104,
            21.1869718
          ],
          [
            79.0701343,
            21.1869246
          ],
          [
            79.0708045,
            21.1868668
          ],
          [
            79.0710016,
            21.1868826
          ],
          [
            79.0717516,
            21.1871547
          ],
          [
            79.0722923,
            21.187415
          ],
          [
            79.0727346,
            21.1877667
          ],
          [
            79.0728642,
            21.1878854
          ],
          [
            79.0731249,
            21.1880378
          ],
          [
            79.0732319,
            21.1882216
          ],
          [
            79.073598,
            21.1889936
          ],
          [
            79.0739021,
            21.1893612
          ],
          [
            79.0740316,
            21.189755
          ],
          [
            79.074133,
            21.1898495
          ],
          [
            79.0757093,
            21.1900668
          ],
          [
            79.0765011,
            21.189913
          ],
          [
            79.0767403,
            21.1899899
          ],
          [
            79.0772022,
            21.1898592
          ],
          [
            79.0773251,
            21.1898511
          ],
          [
            79.0782579,
            21.18979
          ],
          [
            79.0785218,
            21.1898823
          ],
          [
            79.0789095,
            21.1900284
          ],
          [
            79.0793136,
            21.1901745
          ],
          [
            79.0799734,
            21.1909435
          ],
          [
            79.0803363,
            21.191105
          ],
          [
            79.0811694,
            21.1912588
          ],
          [
            79.0818127,
            21.1919048
          ],
          [
            79.0819199,
            21.1921432
          ],
          [
            79.0822251,
            21.1922277
          ],
          [
            79.0822581,
            21.1924354
          ],
          [
            79.082555,
            21.1925969
          ],
          [
            79.0827035,
            21.19252
          ],
          [
            79.0830911,
            21.192966
          ],
          [
            79.0834045,
            21.1930583
          ],
          [
            79.0835612,
            21.1929814
          ],
          [
            79.0843613,
            21.1933582
          ],
          [
            79.0851448,
            21.1934274
          ],
          [
            79.085564,
            21.1934889
          ],
          [
            79.0866544,
            21.1929542
          ],
          [
            79.0870046,
            21.1921579
          ],
          [
            79.0875256,
            21.1917438
          ],
          [
            79.0890886,
            21.1918473
          ],
          [
            79.0897633,
            21.1919827
          ],
          [
            79.090438,
            21.1923808
          ],
          [
            79.0910785,
            21.1930816
          ],
          [
            79.0913348,
            21.1933205
          ],
          [
            79.0920693,
            21.1939018
          ],
          [
            79.0924451,
            21.1939098
          ],
          [
            79.0932735,
            21.1946901
          ],
          [
            79.093803,
            21.1948574
          ],
          [
            79.094324,
            21.1954068
          ],
          [
            79.0957076,
            21.1957651
          ],
          [
            79.0967325,
            21.196227
          ],
          [
            79.0976293,
            21.196872
          ],
          [
            79.0980136,
            21.1970631
          ],
          [
            79.0981588,
            21.1973737
          ],
          [
            79.0991154,
            21.1976603
          ],
          [
            79.0994997,
            21.1981222
          ],
          [
            79.1002599,
            21.1984964
          ],
          [
            79.1005759,
            21.198807
          ],
          [
            79.1014897,
            21.1989742
          ],
          [
            79.1022669,
            21.1992529
          ],
          [
            79.1026256,
            21.1992927
          ],
          [
            79.1039238,
            21.1987592
          ],
          [
            79.1041459,
            21.1988149
          ],
          [
            79.1049658,
            21.1984327
          ],
          [
            79.1050854,
            21.1982575
          ],
          [
            79.1057089,
            21.198162
          ],
          [
            79.106375,
            21.1978753
          ],
          [
            79.1069729,
            21.1981699
          ],
          [
            79.1074597,
            21.1983372
          ],
          [
            79.1076903,
            21.1986477
          ],
          [
            79.1081686,
            21.1984725
          ],
          [
            79.1091734,
            21.1990504
          ],
          [
            79.1095582,
            21.1991974
          ],
          [
            79.1097181,
            21.1992877
          ],
          [
            79.1099682,
            21.1993285
          ],
          [
            79.1101121,
            21.1994976
          ],
          [
            79.1102309,
            21.1995268
          ],
          [
            79.1103184,
            21.1994568
          ],
          [
            79.1104873,
            21.1992644
          ],
          [
            79.1106686,
            21.1992353
          ],
          [
            79.1110251,
            21.199451
          ],
          [
            79.1113003,
            21.1994685
          ],
          [
            79.1118068,
            21.1994452
          ],
          [
            79.112007,
            21.1995851
          ],
          [
            79.1122071,
            21.199486
          ],
          [
            79.1122884,
            21.1992819
          ],
          [
            79.1131639,
            21.1988971
          ],
          [
            79.1134766,
            21.1986347
          ],
          [
            79.1136267,
            21.1983723
          ],
          [
            79.1138393,
            21.1976493
          ],
          [
            79.1138331,
            21.1971304
          ],
          [
            79.1140207,
            21.1965298
          ],
          [
            79.1142521,
            21.1959818
          ],
          [
            79.1142083,
            21.1958068
          ],
          [
            79.1144209,
            21.1953929
          ],
          [
            79.1144084,
            21.1951771
          ],
          [
            79.1144522,
            21.1949614
          ],
          [
            79.1146398,
            21.1948856
          ],
          [
            79.1149024,
            21.1944774
          ],
          [
            79.1151088,
            21.194425
          ],
          [
            79.1152026,
            21.1943025
          ],
          [
            79.1157092,
            21.1942675
          ],
          [
            79.1159156,
            21.1943258
          ],
          [
            79.1165722,
            21.1942267
          ],
          [
            79.1172351,
            21.1942792
          ],
          [
            79.1175478,
            21.1941859
          ],
          [
            79.1179543,
            21.1942034
          ],
          [
            79.1180606,
            21.1943608
          ],
          [
            79.1183483,
            21.1944016
          ],
          [
            79.118736,
            21.1944599
          ],
          [
            79.1191237,
            21.1946232
          ],
          [
            79.1194614,
            21.1945066
          ],
          [
            79.1199993,
            21.1943433
          ],
          [
            79.1201243,
            21.1942209
          ],
          [
            79.1202182,
            21.1940868
          ],
          [
            79.1205871,
            21.1937777
          ],
          [
            79.120756,
            21.1935328
          ],
          [
            79.1209436,
            21.1925183
          ],
          [
            79.1212188,
            21.1921451
          ],
          [
            79.1214627,
            21.192081
          ],
          [
            79.1232012,
            21.1921335
          ],
          [
            79.1236014,
            21.1920751
          ],
          [
            79.1244957,
            21.1917544
          ],
          [
            79.1246771,
            21.1916145
          ],
          [
            79.124971,
            21.1911247
          ],
          [
            79.1251399,
            21.1900577
          ],
          [
            79.1250901,
            21.1888891
          ],
          [
            79.1250097,
            21.1886246
          ],
          [
            79.124971,
            21.1883783
          ],
          [
            79.1247502,
            21.1872147
          ],
          [
            79.124739,
            21.1866144
          ],
          [
            79.1248459,
            21.18625
          ],
          [
            79.1249353,
            21.1860185
          ],
          [
            79.1251156,
            21.1856888
          ],
          [
            79.1257401,
            21.1854045
          ],
          [
            79.1260388,
            21.1852979
          ],
          [
            79.1263757,
            21.1851507
          ],
          [
            79.1283543,
            21.1843374
          ],
          [
            79.1302617,
            21.1838651
          ],
          [
            79.1304879,
            21.183775
          ],
          [
            79.1307057,
            21.183521
          ],
          [
            79.1307933,
            21.1830429
          ],
          [
            79.1307797,
            21.1825204
          ],
          [
            79.1308018,
            21.1819038
          ],
          [
            79.1310463,
            21.1815136
          ],
          [
            79.1313658,
            21.1813078
          ],
          [
            79.1317779,
            21.1810858
          ],
          [
            79.1323012,
            21.1806976
          ],
          [
            79.1328505,
            21.1802651
          ],
          [
            79.1329502,
            21.1801696
          ],
          [
            79.1329836,
            21.1800741
          ],
          [
            79.1329514,
            21.1799378
          ],
          [
            79.133149,
            21.1798916
          ],
          [
            79.1334169,
            21.1798153
          ],
          [
            79.1336631,
            21.1797763
          ],
          [
            79.1338555,
            21.1797774
          ],
          [
            79.134142,
            21.1798674
          ],
          [
            79.1344759,
            21.1798675
          ],
          [
            79.1349189,
            21.1798739
          ],
          [
            79.135412,
            21.1799
          ],
          [
            79.1356651,
            21.1799709
          ],
          [
            79.1359645,
            21.1803126
          ],
          [
            79.1362793,
            21.1805271
          ],
          [
            79.1371376,
            21.1805031
          ],
          [
            79.1375839,
            21.1803991
          ],
          [
            79.1379101,
            21.1800869
          ],
          [
            79.1386053,
            21.1792866
          ],
          [
            79.1388714,
            21.1792706
          ],
          [
            79.1395065,
            21.1794707
          ],
          [
            79.1402275,
            21.1798228
          ],
          [
            79.1405622,
            21.1801109
          ],
          [
            79.1417467,
            21.1800309
          ],
          [
            79.1424162,
            21.1797428
          ],
          [
            79.1428711,
            21.1792946
          ],
          [
            79.1432831,
            21.1787664
          ],
          [
            79.143429,
            21.1784703
          ],
          [
            79.1437809,
            21.1782702
          ]
        ]
      },
      "properties": {
        "osm_id": 308766269,
        "name": "Pivli Nadi",
        "waterway_type": "river",
        "intermittent": "no"
      }
    },
    {
      "type": "Feature",
      "geometry": {
        "type": "LineString",
        "coordinates": [
          [
            79.0496814,
            21.1061024
          ],
          [
            79.050067,
            21.1062405
          ],
          [
            79.0501171,
            21.1062418
          ],
          [
            79.050403,
            21.1062494
          ],
          [
            79.0509072,
            21.1061822
          ],
          [
            79.0511424,
            21.1062808
          ],
          [
            79.0513249,
            21.1065764
          ],
          [
            79.0514833,
            21.1066839
          ],
          [
            79.0515337,
            21.1067799
          ],
          [
            79.0518098,
            21.1073065
          ],
          [
            79.0519395,
            21.1073782
          ],
          [
            79.0526885,
            21.1072304
          ],
          [
            79.0532191,
            21.1074833
          ]
        ]
      },
      "properties": {
        "osm_id": 308766852,
        "name": "unnamed",
        "waterway_type": "stream",
        "intermittent": "no"
      }
    },
    {
      "type": "Feature",
      "geometry": {
        "type": "LineString",
        "coordinates": [
          [
            79.0489874,
            21.1058292
          ],
          [
            79.0490886,
            21.1058714
          ]
        ]
      },
      "properties": {
        "osm_id": 308766853,
        "name": "unnamed",
        "waterway_type": "stream",
        "intermittent": "no"
      }
    },
    {
      "type": "Feature",
      "geometry": {
        "type": "LineString",
        "coordinates": [
          [
            79.0492915,
            21.1105424
          ],
          [
            79.0493737,
            21.1105226
          ]
        ]
      },
      "properties": {
        "osm_id": 308766854,
        "name": "unnamed",
        "waterway_type": "stream",
        "intermittent": "no"
      }
    },
    {
      "type": "Feature",
      "geometry": {
        "type": "LineString",
        "coordinates": [
          [
            79.0479963,
            21.1108277
          ],
          [
            79.0480489,
            21.1108235
          ]
        ]
      },
      "properties": {
        "osm_id": 308766855,
        "name": "unnamed",
        "waterway_type": "stream",
        "intermittent": "no"
      }
    },
    {
      "type": "Feature",
      "geometry": {
        "type": "LineString",
        "coordinates": [
          [
            79.0484252,
            21.1107509
          ],
          [
            79.0484959,
            21.1107339
          ]
        ]
      },
      "properties": {
        "osm_id": 308766856,
        "name": "unnamed",
        "waterway_type": "stream",
        "intermittent": "no"
      }
    },
    {
      "type": "Feature",
      "geometry": {
        "type": "LineString",
        "coordinates": [
          [
            79.0495903,
            21.1060697
          ],
          [
            79.0496814,
            21.1061024
          ]
        ]
      },
      "properties": {
        "osm_id": 308766857,
        "name": "unnamed",
        "waterway_type": "stream",
        "intermittent": "no"
      }
    },
    {
      "type": "Feature",
      "geometry": {
        "type": "LineString",
        "coordinates": [
          [
            79.0454413,
            21.1118305
          ],
          [
            79.0455332,
            21.1118126
          ]
        ]
      },
      "properties": {
        "osm_id": 308766858,
        "name": "unnamed",
        "waterway_type": "stream",
        "intermittent": "no"
      }
    },
    {
      "type": "Feature",
      "geometry": {
        "type": "LineString",
        "coordinates": [
          [
            79.0488674,
            21.1106445
          ],
          [
            79.0489491,
            21.1106248
          ]
        ]
      },
      "properties": {
        "osm_id": 308766859,
        "name": "unnamed",
        "waterway_type": "stream",
        "intermittent": "no"
      }
    },
    {
      "type": "Feature",
      "geometry": {
        "type": "LineString",
        "coordinates": [
          [
            79.0484959,
            21.1107339
          ],
          [
            79.0488674,
            21.1106445
          ]
        ]
      },
      "properties": {
        "osm_id": 308766860,
        "name": "unnamed",
        "waterway_type": "stream",
        "intermittent": "no"
      }
    },
    {
      "type": "Feature",
      "geometry": {
        "type": "LineString",
        "coordinates": [
          [
            79.0489491,
            21.1106248
          ],
          [
            79.0492915,
            21.1105424
          ]
        ]
      },
      "properties": {
        "osm_id": 308766861,
        "name": "unnamed",
        "waterway_type": "stream",
        "intermittent": "no"
      }
    },
    {
      "type": "Feature",
      "geometry": {
        "type": "LineString",
        "coordinates": [
          [
            79.0490886,
            21.1058714
          ],
          [
            79.0494044,
            21.1060031
          ],
          [
            79.0495903,
            21.1060697
          ]
        ]
      },
      "properties": {
        "osm_id": 308766863,
        "name": "unnamed",
        "waterway_type": "stream",
        "intermittent": "no"
      }
    },
    {
      "type": "Feature",
      "geometry": {
        "type": "LineString",
        "coordinates": [
          [
            79.0480489,
            21.1108235
          ],
          [
            79.0481608,
            21.1108145
          ],
          [
            79.0484252,
            21.1107509
          ]
        ]
      },
      "properties": {
        "osm_id": 308766864,
        "name": "unnamed",
        "waterway_type": "stream",
        "intermittent": "no"
      }
    },
    {
      "type": "Feature",
      "geometry": {
        "type": "LineString",
        "coordinates": [
          [
            79.0455332,
            21.1118126
          ],
          [
            79.0464217,
            21.1116393
          ],
          [
            79.0464979,
            21.1116022
          ]
        ]
      },
      "properties": {
        "osm_id": 308766865,
        "name": "unnamed",
        "waterway_type": "stream",
        "intermittent": "no"
      }
    },
    {
      "type": "Feature",
      "geometry": {
        "type": "LineString",
        "coordinates": [
          [
            79.0464979,
            21.1116022
          ],
          [
            79.0465455,
            21.111541
          ],
          [
            79.0466309,
            21.1114541
          ]
        ]
      },
      "properties": {
        "osm_id": 308766866,
        "name": "unnamed",
        "waterway_type": "stream",
        "intermittent": "no"
      }
    },
    {
      "type": "Feature",
      "geometry": {
        "type": "LineString",
        "coordinates": [
          [
            79.0963866,
            21.0888361
          ],
          [
            79.0965939,
            21.0888201
          ]
        ]
      },
      "properties": {
        "osm_id": 308766867,
        "name": "unnamed",
        "waterway_type": "stream",
        "intermittent": "no"
      }
    },
    {
      "type": "Feature",
      "geometry": {
        "type": "LineString",
        "coordinates": [
          [
            79.0466309,
            21.1114541
          ],
          [
            79.0471411,
            21.1110367
          ],
          [
            79.0473721,
            21.1109292
          ],
          [
            79.0474863,
            21.1108818
          ],
          [
            79.0477235,
            21.1108497
          ],
          [
            79.0479963,
            21.1108277
          ]
        ]
      },
      "properties": {
        "osm_id": 308766868,
        "name": "unnamed",
        "waterway_type": "stream",
        "intermittent": "no"
      }
    },
    {
      "type": "Feature",
      "geometry": {
        "type": "LineString",
        "coordinates": [
          [
            79.0493737,
            21.1105226
          ],
          [
            79.0502412,
            21.1102981
          ],
          [
            79.0507669,
            21.1097526
          ],
          [
            79.0513677,
            21.1096875
          ],
          [
            79.0523065,
            21.1092772
          ],
          [
            79.0523597,
            21.1091168
          ]
        ]
      },
      "properties": {
        "osm_id": 308766869,
        "name": "unnamed",
        "waterway_type": "stream",
        "intermittent": "no"
      }
    },
    {
      "type": "Feature",
      "geometry": {
        "type": "LineString",
        "coordinates": [
          [
            79.1432113,
            21.1604255
          ],
          [
            79.1433817,
            21.1605003
          ]
        ]
      },
      "properties": {
        "osm_id": 308770481,
        "name": "unnamed",
        "waterway_type": "drain",
        "intermittent": "no"
      }
    },
    {
      "type": "Feature",
      "geometry": {
        "type": "LineString",
        "coordinates": [
          [
            79.1516449,
            21.1620017
          ],
          [
            79.1521093,
            21.1623496
          ],
          [
            79.1524291,
            21.1624632
          ],
          [
            79.1530305,
            21.162449
          ],
          [
            79.1532208,
            21.1625271
          ],
          [
            79.1535254,
            21.162804
          ],
          [
            79.154203,
            21.1631803
          ],
          [
            79.1544161,
            21.1631874
          ],
          [
            79.1547511,
            21.1633507
          ],
          [
            79.155383,
            21.1638477
          ],
          [
            79.155619,
            21.1642807
          ],
          [
            79.1558246,
            21.1643659
          ],
          [
            79.1563727,
            21.1643801
          ],
          [
            79.1567458,
            21.1647351
          ],
          [
            79.1568207,
            21.1649963
          ],
          [
            79.1575604,
            21.1660415
          ],
          [
            79.1577964,
            21.1660912
          ],
          [
            79.1580248,
            21.16629
          ],
          [
            79.1581923,
            21.1664817
          ],
          [
            79.1590907,
            21.1667585
          ],
          [
            79.1607123,
            21.1673691
          ],
          [
            79.1611805,
            21.1675298
          ],
          [
            79.1618279,
            21.1676399
          ],
          [
            79.161946,
            21.1677429
          ],
          [
            79.1622854,
            21.1679342
          ],
          [
            79.1623312,
            21.1680142
          ],
          [
            79.1623011,
            21.1681745
          ],
          [
            79.1622945,
            21.1682588
          ],
          [
            79.1623525,
            21.1683196
          ],
          [
            79.1626224,
            21.1683939
          ],
          [
            79.1628247,
            21.1685101
          ],
          [
            79.1630461,
            21.168494
          ],
          [
            79.163263,
            21.1686274
          ],
          [
            79.1635491,
            21.168745
          ],
          [
            79.1639137,
            21.1689134
          ],
          [
            79.1642179,
            21.1689003
          ],
          [
            79.1645539,
            21.1689377
          ],
          [
            79.1649452,
            21.1689726
          ],
          [
            79.1652879,
            21.1689544
          ],
          [
            79.1654567,
            21.1689912
          ],
          [
            79.1655074,
            21.1688633
          ],
          [
            79.1656369,
            21.1687678
          ],
          [
            79.1658251,
            21.1687107
          ],
          [
            79.1660556,
            21.1687574
          ],
          [
            79.1662393,
            21.1689945
          ],
          [
            79.1666298,
            21.1690046
          ],
          [
            79.1670089,
            21.1689805
          ],
          [
            79.1671834,
            21.1689364
          ],
          [
            79.1673214,
            21.1685412
          ],
          [
            79.1674059,
            21.1684268
          ],
          [
            79.1675601,
            21.1684355
          ],
          [
            79.16775,
            21.1683841
          ],
          [
            79.1680519,
            21.1685137
          ],
          [
            79.1682998,
            21.1684712
          ],
          [
            79.1684905,
            21.1683737
          ],
          [
            79.1685328,
            21.1681006
          ],
          [
            79.1686944,
            21.1681185
          ],
          [
            79.1688174,
            21.168098
          ],
          [
            79.1689097,
            21.1680278
          ],
          [
            79.1692963,
            21.1679534
          ],
          [
            79.1696327,
            21.1680944
          ],
          [
            79.1705494,
            21.1680617
          ],
          [
            79.1707848,
            21.1681003
          ],
          [
            79.1717347,
            21.167867
          ],
          [
            79.1719779,
            21.1677862
          ],
          [
            79.1724113,
            21.1678123
          ],
          [
            79.1726014,
            21.1678494
          ],
          [
            79.1728793,
            21.1677997
          ],
          [
            79.1730642,
            21.1678411
          ],
          [
            79.1733406,
            21.1679521
          ],
          [
            79.1736484,
            21.1680146
          ],
          [
            79.1738069,
            21.1679253
          ],
          [
            79.1739161,
            21.1678288
          ],
          [
            79.174024,
            21.1678074
          ],
          [
            79.1742051,
            21.1678922
          ],
          [
            79.1743838,
            21.1680367
          ],
          [
            79.1743708,
            21.1681555
          ],
          [
            79.1744564,
            21.1682532
          ],
          [
            79.1746866,
            21.1682862
          ]
        ]
      },
      "properties": {
        "osm_id": 308770482,
        "name": "unnamed",
        "waterway_type": "drain",
        "intermittent": "no"
      }
    },
    {
      "type": "Feature",
      "geometry": {
        "type": "LineString",
        "coordinates": [
          [
            79.1258678,
            21.1629621
          ],
          [
            79.1259544,
            21.1629941
          ]
        ]
      },
      "properties": {
        "osm_id": 308773032,
        "name": "unnamed",
        "waterway_type": "drain",
        "intermittent": "no"
      }
    },
    {
      "type": "Feature",
      "geometry": {
        "type": "LineString",
        "coordinates": [
          [
            79.127224,
            21.1636625
          ],
          [
            79.1275052,
            21.163811
          ],
          [
            79.1284344,
            21.1643005
          ],
          [
            79.1285682,
            21.1643071
          ],
          [
            79.1286595,
            21.1642539
          ],
          [
            79.1289423,
            21.1640596
          ],
          [
            79.1291179,
            21.1639561
          ],
          [
            79.1302028,
            21.1637751
          ],
          [
            79.1319805,
            21.1633952
          ],
          [
            79.1323345,
            21.1633881
          ],
          [
            79.1329037,
            21.1631786
          ]
        ]
      },
      "properties": {
        "osm_id": 308773033,
        "name": "unnamed",
        "waterway_type": "drain",
        "intermittent": "no"
      }
    },
    {
      "type": "Feature",
      "geometry": {
        "type": "LineString",
        "coordinates": [
          [
            79.1238742,
            21.1624196
          ],
          [
            79.124094,
            21.1623699
          ]
        ]
      },
      "properties": {
        "osm_id": 308777836,
        "name": "unnamed",
        "waterway_type": "drain",
        "intermittent": "no"
      }
    },
    {
      "type": "Feature",
      "geometry": {
        "type": "LineString",
        "coordinates": [
          [
            79.124094,
            21.1623699
          ],
          [
            79.1242824,
            21.1624264
          ],
          [
            79.1245622,
            21.1625189
          ],
          [
            79.1249848,
            21.1626938
          ],
          [
            79.1253369,
            21.1628357
          ],
          [
            79.1255832,
            21.1629652
          ],
          [
            79.1258678,
            21.1629621
          ]
        ]
      },
      "properties": {
        "osm_id": 308777837,
        "name": "unnamed",
        "waterway_type": "drain",
        "intermittent": "no"
      }
    },
    {
      "type": "Feature",
      "geometry": {
        "type": "LineString",
        "coordinates": [
          [
            79.1331129,
            21.1631038
          ],
          [
            79.133389,
            21.1633136
          ],
          [
            79.1334956,
            21.1634591
          ],
          [
            79.1336022,
            21.1634946
          ],
          [
            79.1336555,
            21.1634449
          ],
          [
            79.1336935,
            21.1633739
          ],
          [
            79.1336288,
            21.1632603
          ],
          [
            79.1337011,
            21.1631787
          ],
          [
            79.1338496,
            21.1631609
          ],
          [
            79.135258,
            21.1631574
          ],
          [
            79.1372185,
            21.1627314
          ],
          [
            79.1379493,
            21.1624084
          ],
          [
            79.1402832,
            21.1614112
          ],
          [
            79.1408,
            21.1618781
          ],
          [
            79.1408754,
            21.1618681
          ],
          [
            79.1427972,
            21.1601611
          ],
          [
            79.142878,
            21.1601561
          ],
          [
            79.1431256,
            21.160387
          ],
          [
            79.1432113,
            21.1604255
          ]
        ]
      },
      "properties": {
        "osm_id": 308836999,
        "name": "unnamed",
        "waterway_type": "drain",
        "intermittent": "no"
      }
    },
    {
      "type": "Feature",
      "geometry": {
        "type": "LineString",
        "coordinates": [
          [
            79.1329037,
            21.1631786
          ],
          [
            79.1331129,
            21.1631038
          ]
        ]
      },
      "properties": {
        "osm_id": 308837000,
        "name": "unnamed",
        "waterway_type": "drain",
        "intermittent": "no"
      }
    },
    {
      "type": "Feature",
      "geometry": {
        "type": "LineString",
        "coordinates": [
          [
            79.0895208,
            21.1969157
          ],
          [
            79.0897226,
            21.1968192
          ],
          [
            79.0900108,
            21.1964901
          ],
          [
            79.0903929,
            21.1964086
          ],
          [
            79.0906644,
            21.1965497
          ],
          [
            79.090811,
            21.1964985
          ],
          [
            79.0910491,
            21.1962551
          ],
          [
            79.091333,
            21.1962423
          ],
          [
            79.0915436,
            21.1962978
          ],
          [
            79.0917314,
            21.1962125
          ],
          [
            79.0919329,
            21.1961655
          ],
          [
            79.092203,
            21.1958666
          ],
          [
            79.0932735,
            21.1946901
          ]
        ]
      },
      "properties": {
        "osm_id": 311295521,
        "name": "unnamed",
        "waterway_type": "drain",
        "intermittent": "no"
      }
    },
    {
      "type": "Feature",
      "geometry": {
        "type": "LineString",
        "coordinates": [
          [
            79.1978439,
            21.1849717
          ],
          [
            79.1990232,
            21.1843318
          ],
          [
            79.1995865,
            21.1841742
          ],
          [
            79.2008847,
            21.183839
          ],
          [
            79.2017645,
            21.1835889
          ],
          [
            79.2034543,
            21.1831038
          ],
          [
            79.2062974,
            21.1821934
          ],
          [
            79.2083761,
            21.1815406
          ],
          [
            79.209103,
            21.1812955
          ],
          [
            79.2098352,
            21.181068
          ],
          [
            79.2103529,
            21.1808829
          ],
          [
            79.210487,
            21.1808079
          ],
          [
            79.2108652,
            21.1801676
          ],
          [
            79.2118657,
            21.1785894
          ],
          [
            79.2119971,
            21.1784544
          ],
          [
            79.2122653,
            21.1782543
          ],
          [
            79.2135179,
            21.1775565
          ],
          [
            79.2156342,
            21.176381
          ],
          [
            79.2158702,
            21.1762784
          ],
          [
            79.2160016,
            21.1762559
          ],
          [
            79.2163825,
            21.1764185
          ],
          [
            79.2169833,
            21.1766611
          ],
          [
            79.218539,
            21.1772889
          ],
          [
            79.2190647,
            21.1775315
          ],
          [
            79.2192927,
            21.177659
          ],
          [
            79.2211971,
            21.1789271
          ],
          [
            79.2218086,
            21.1793548
          ],
          [
            79.2219293,
            21.1793798
          ],
          [
            79.2221063,
            21.1793723
          ],
          [
            79.2227554,
            21.1791747
          ],
          [
            79.2253947,
            21.1782968
          ],
          [
            79.2272267,
            21.1777141
          ],
          [
            79.2275888,
            21.1775815
          ],
          [
            79.2278972,
            21.1775815
          ],
          [
            79.230625,
            21.1777791
          ],
          [
            79.2333394,
            21.1779592
          ],
          [
            79.2344204,
            21.1779892
          ],
          [
            79.2345813,
            21.1779692
          ],
          [
            79.2346939,
            21.1778891
          ],
          [
            79.2349836,
            21.1775315
          ],
          [
            79.2363998,
            21.1758558
          ],
          [
            79.2370033,
            21.175163
          ],
          [
            79.2379421,
            21.17422
          ],
          [
            79.2380896,
            21.174065
          ],
          [
            79.2381218,
            21.1739749
          ],
          [
            79.238162,
            21.1738299
          ],
          [
            79.2382801,
            21.1725293
          ],
          [
            79.2384168,
            21.1712587
          ],
          [
            79.2385697,
            21.1700706
          ],
          [
            79.2386475,
            21.1699205
          ],
          [
            79.2395514,
            21.1684974
          ],
          [
            79.2401925,
            21.1674568
          ],
          [
            79.2407423,
            21.1665764
          ],
          [
            79.2413968,
            21.1655709
          ],
          [
            79.2414987,
            21.1654258
          ],
          [
            79.2416784,
            21.1653333
          ],
          [
            79.242754,
            21.1653608
          ],
          [
            79.2455462,
            21.1652883
          ]
        ]
      },
      "properties": {
        "osm_id": 311295522,
        "name": "unnamed",
        "waterway_type": "canal",
        "intermittent": "no"
      }
    },
    {
      "type": "Feature",
      "geometry": {
        "type": "LineString",
        "coordinates": [
          [
            79.08084,
            21.1415442
          ],
          [
            79.0810597,
            21.1411118
          ]
        ]
      },
      "properties": {
        "osm_id": 311295523,
        "name": "unnamed",
        "waterway_type": "stream",
        "intermittent": "no"
      }
    },
    {
      "type": "Feature",
      "geometry": {
        "type": "LineString",
        "coordinates": [
          [
            79.0892851,
            21.1969735
          ],
          [
            79.0895208,
            21.1969157
          ]
        ]
      },
      "properties": {
        "osm_id": 311295524,
        "name": "unnamed",
        "waterway_type": "drain",
        "intermittent": "no"
      }
    },
    {
      "type": "Feature",
      "geometry": {
        "type": "LineString",
        "coordinates": [
          [
            79.0968701,
            21.1697841
          ],
          [
            79.0970587,
            21.169828
          ]
        ]
      },
      "properties": {
        "osm_id": 311295527,
        "name": "unnamed",
        "waterway_type": "drain",
        "intermittent": "no"
      }
    },
    {
      "type": "Feature",
      "geometry": {
        "type": "LineString",
        "coordinates": [
          [
            79.0908994,
            21.1611954
          ],
          [
            79.0910206,
            21.1612105
          ]
        ]
      },
      "properties": {
        "osm_id": 311295528,
        "name": "unnamed",
        "waterway_type": "drain",
        "intermittent": "no"
      }
    },
    {
      "type": "Feature",
      "geometry": {
        "type": "LineString",
        "coordinates": [
          [
            79.1515646,
            21.2072298
          ],
          [
            79.1517848,
            21.2068552
          ]
        ]
      },
      "properties": {
        "osm_id": 311295529,
        "name": "unnamed",
        "waterway_type": "canal",
        "intermittent": "no"
      }
    },
    {
      "type": "Feature",
      "geometry": {
        "type": "LineString",
        "coordinates": [
          [
            79.0910206,
            21.1612105
          ],
          [
            79.0918744,
            21.1616652
          ],
          [
            79.0931124,
            21.1620353
          ],
          [
            79.0934895,
            21.1622019
          ],
          [
            79.093689,
            21.1622191
          ],
          [
            79.0938477,
            21.1624412
          ],
          [
            79.0939098,
            21.1624944
          ],
          [
            79.0940334,
            21.1625369
          ],
          [
            79.095612,
            21.1630791
          ],
          [
            79.0957292,
            21.1631573
          ],
          [
            79.0957906,
            21.1632469
          ],
          [
            79.0957914,
            21.1633133
          ],
          [
            79.0957329,
            21.1636313
          ],
          [
            79.0953638,
            21.1640795
          ],
          [
            79.0952866,
            21.1642796
          ],
          [
            79.0953037,
            21.1645277
          ],
          [
            79.095175,
            21.1647118
          ],
          [
            79.0952351,
            21.164952
          ],
          [
            79.0952628,
            21.1654687
          ],
          [
            79.0952694,
            21.1655923
          ],
          [
            79.0953895,
            21.1658324
          ],
          [
            79.0958788,
            21.1664647
          ],
          [
            79.0962736,
            21.167105
          ],
          [
            79.0964453,
            21.1674172
          ],
          [
            79.0966399,
            21.1696921
          ],
          [
            79.0967114,
            21.1697479
          ],
          [
            79.0968701,
            21.1697841
          ]
        ]
      },
      "properties": {
        "osm_id": 311295530,
        "name": "unnamed",
        "waterway_type": "drain",
        "intermittent": "no"
      }
    },
    {
      "type": "Feature",
      "geometry": {
        "type": "LineString",
        "coordinates": [
          [
            79.0810597,
            21.1411118
          ],
          [
            79.0810805,
            21.1410209
          ],
          [
            79.0813131,
            21.1408401
          ],
          [
            79.0814165,
            21.1406231
          ],
          [
            79.081861,
            21.1403224
          ]
        ]
      },
      "properties": {
        "osm_id": 311295532,
        "name": "unnamed",
        "waterway_type": "stream",
        "intermittent": "no"
      }
    },
    {
      "type": "Feature",
      "geometry": {
        "type": "LineString",
        "coordinates": [
          [
            79.0970587,
            21.169828
          ],
          [
            79.0974661,
            21.1699118
          ],
          [
            79.0995139,
            21.1703871
          ],
          [
            79.1007478,
            21.1706736
          ],
          [
            79.10241,
            21.1709999
          ],
          [
            79.1045946,
            21.1714071
          ],
          [
            79.1048309,
            21.1714511
          ],
          [
            79.1075346,
            21.1720114
          ],
          [
            79.1079051,
            21.1720899
          ],
          [
            79.109234,
            21.1723716
          ],
          [
            79.1097091,
            21.17247
          ],
          [
            79.1106636,
            21.1726557
          ],
          [
            79.1110167,
            21.172761
          ],
          [
            79.1110503,
            21.1727864
          ],
          [
            79.1115593,
            21.1731705
          ],
          [
            79.1118562,
            21.1732105
          ],
          [
            79.1122337,
            21.1731133
          ],
          [
            79.1124527,
            21.1731799
          ],
          [
            79.1126673,
            21.173364
          ],
          [
            79.112965,
            21.1739095
          ],
          [
            79.1138517,
            21.1745806
          ],
          [
            79.1143201,
            21.1750073
          ],
          [
            79.1145113,
            21.1752324
          ],
          [
            79.1157915,
            21.1753409
          ],
          [
            79.1163237,
            21.1752209
          ],
          [
            79.1169136,
            21.1751743
          ]
        ]
      },
      "properties": {
        "osm_id": 311295533,
        "name": "unnamed",
        "waterway_type": "drain",
        "intermittent": "no"
      }
    },
    {
      "type": "Feature",
      "geometry": {
        "type": "LineString",
        "coordinates": [
          [
            79.06078,
            21.1349976
          ],
          [
            79.0609937,
            21.1350492
          ]
        ]
      },
      "properties": {
        "osm_id": 311295545,
        "name": "Naag",
        "waterway_type": "river",
        "intermittent": "no"
      }
    },
    {
      "type": "Feature",
      "geometry": {
        "type": "LineString",
        "coordinates": [
          [
            79.0442028,
            21.1252523
          ],
          [
            79.0444472,
            21.1256627
          ]
        ]
      },
      "properties": {
        "osm_id": 311295546,
        "name": "Nag River",
        "waterway_type": "river",
        "intermittent": "no"
      }
    },
    {
      "type": "Feature",
      "geometry": {
        "type": "LineString",
        "coordinates": [
          [
            79.0444472,
            21.1256627
          ],
          [
            79.0450882,
            21.126637
          ],
          [
            79.0460812,
            21.1275816
          ],
          [
            79.0471519,
            21.1286435
          ],
          [
            79.0473658,
            21.1287676
          ],
          [
            79.0481269,
            21.1290811
          ],
          [
            79.0491078,
            21.1296898
          ],
          [
            79.0491943,
            21.129725
          ]
        ]
      },
      "properties": {
        "osm_id": 311295547,
        "name": "Nag River",
        "waterway_type": "river",
        "intermittent": "no"
      }
    },
    {
      "type": "Feature",
      "geometry": {
        "type": "LineString",
        "coordinates": [
          [
            79.0691492,
            21.1369911
          ],
          [
            79.0692522,
            21.1370631
          ],
          [
            79.0697157,
            21.1371031
          ],
          [
            79.0701964,
            21.1372312
          ],
          [
            79.0703852,
            21.1372312
          ],
          [
            79.070574,
            21.1373113
          ],
          [
            79.0710289,
            21.1373833
          ],
          [
            79.0712864,
            21.1374874
          ],
          [
            79.0724537,
            21.1376956
          ],
          [
            79.0747282,
            21.1382239
          ],
          [
            79.0753477,
            21.1384431
          ],
          [
            79.0757768,
            21.1385231
          ],
          [
            79.0762317,
            21.1387153
          ],
          [
            79.0766866,
            21.1387953
          ],
          [
            79.0770643,
            21.1389394
          ],
          [
            79.0774333,
            21.1390195
          ],
          [
            79.07812,
            21.1392756
          ],
          [
            79.0787208,
            21.1394197
          ],
          [
            79.0788562,
            21.1394444
          ],
          [
            79.0791425,
            21.1395535
          ],
          [
            79.0794393,
            21.1396439
          ],
          [
            79.079631,
            21.1397025
          ]
        ]
      },
      "properties": {
        "osm_id": 311295548,
        "name": "Naag",
        "waterway_type": "river",
        "intermittent": "no"
      }
    },
    {
      "type": "Feature",
      "geometry": {
        "type": "LineString",
        "coordinates": [
          [
            79.0563025,
            21.1039509
          ],
          [
            79.0565296,
            21.1037374
          ],
          [
            79.0568409,
            21.1032756
          ],
          [
            79.0572746,
            21.1028991
          ],
          [
            79.0579827,
            21.1023386
          ],
          [
            79.0584119,
            21.1018782
          ],
          [
            79.0589269,
            21.1017981
          ],
          [
            79.0593131,
            21.101678
          ],
          [
            79.0595734,
            21.101352
          ],
          [
            79.0604692,
            21.0994452
          ],
          [
            79.0608795,
            21.0991556
          ],
          [
            79.0610501,
            21.0988873
          ],
          [
            79.0615447,
            21.0981146
          ],
          [
            79.0617807,
            21.0979144
          ],
          [
            79.0623386,
            21.0978543
          ],
          [
            79.0626605,
            21.0975941
          ],
          [
            79.0629609,
            21.097554
          ],
          [
            79.063433,
            21.0973538
          ],
          [
            79.0636894,
            21.0969655
          ],
          [
            79.0636894,
            21.0960446
          ],
          [
            79.0637752,
            21.0947233
          ],
          [
            79.0640542,
            21.0941227
          ],
          [
            79.0643487,
            21.093607
          ],
          [
            79.0643975,
            21.0929816
          ],
          [
            79.0645917,
            21.092429
          ],
          [
            79.0649994,
            21.0923689
          ],
          [
            79.0654734,
            21.0921248
          ],
          [
            79.0657922,
            21.0917003
          ],
          [
            79.0661152,
            21.0908474
          ],
          [
            79.0668877,
            21.0902268
          ],
          [
            79.0674026,
            21.0900666
          ],
          [
            79.0680893,
            21.0887853
          ],
          [
            79.0683039,
            21.0887653
          ],
          [
            79.0690324,
            21.0883248
          ],
          [
            79.0693757,
            21.0884249
          ],
          [
            79.0697619,
            21.0882848
          ],
          [
            79.0699765,
            21.0883248
          ],
          [
            79.0708133,
            21.0883048
          ],
          [
            79.0711352,
            21.0886452
          ],
          [
            79.0715,
            21.0887052
          ],
          [
            79.0719077,
            21.088437
          ],
          [
            79.072015,
            21.0881046
          ],
          [
            79.0726158,
            21.0876642
          ],
          [
            79.0735814,
            21.0874239
          ],
          [
            79.0740749,
            21.0876041
          ],
          [
            79.0744182,
            21.087544
          ],
          [
            79.0744397,
            21.0873038
          ],
          [
            79.0746543,
            21.0870035
          ],
          [
            79.0750405,
            21.0866031
          ],
          [
            79.0756842,
            21.0863748
          ],
          [
            79.075813,
            21.0861146
          ],
          [
            79.0760919,
            21.0860345
          ],
          [
            79.0772292,
            21.0852617
          ],
          [
            79.0774652,
            21.0852216
          ],
          [
            79.0779802,
            21.0847611
          ],
          [
            79.0779373,
            21.0845209
          ],
          [
            79.0780875,
            21.0842526
          ],
          [
            79.0777442,
            21.0838402
          ],
          [
            79.0776369,
            21.0832195
          ],
          [
            79.07783,
            21.0829993
          ],
          [
            79.0781089,
            21.0830593
          ],
          [
            79.0788814,
            21.0828791
          ],
          [
            79.0792462,
            21.0828992
          ],
          [
            79.0801474,
            21.0826189
          ],
          [
            79.0805551,
            21.0820983
          ],
          [
            79.0802333,
            21.0817179
          ],
          [
            79.080126,
            21.0812574
          ],
          [
            79.0806195,
            21.0809771
          ],
          [
            79.0810701,
            21.0811773
          ],
          [
            79.081864,
            21.0812974
          ],
          [
            79.0823576,
            21.0812574
          ],
          [
            79.0830442,
            21.0810372
          ],
          [
            79.0837309,
            21.0805967
          ],
          [
            79.0840956,
            21.0802363
          ],
          [
            79.0845463,
            21.0802964
          ],
          [
            79.084911,
            21.0806768
          ],
          [
            79.0848252,
            21.080897
          ],
          [
            79.0852758,
            21.0815577
          ],
          [
            79.0856621,
            21.0816378
          ],
          [
            79.086692,
            21.0812694
          ],
          [
            79.0873143,
            21.0811973
          ],
          [
            79.0887305,
            21.0812374
          ],
          [
            79.0890309,
            21.0811373
          ],
          [
            79.0897176,
            21.080877
          ],
          [
            79.0899965,
            21.0804966
          ],
          [
            79.0902111,
            21.0802563
          ],
          [
            79.0906402,
            21.0800281
          ],
          [
            79.0907261,
            21.0797758
          ],
          [
            79.0914556,
            21.0797758
          ],
          [
            79.092035,
            21.079936
          ],
          [
            79.0920994,
            21.0801562
          ],
          [
            79.0926143,
            21.0801762
          ],
          [
            79.093022,
            21.0800361
          ],
          [
            79.0932581,
            21.0796357
          ],
          [
            79.0946099,
            21.0793353
          ],
          [
            79.095833,
            21.079015
          ],
          [
            79.0957686,
            21.0787267
          ],
          [
            79.0958235,
            21.0784518
          ],
          [
            79.0960261,
            21.0781741
          ],
          [
            79.0964982,
            21.0782341
          ],
          [
            79.0967342,
            21.0785945
          ],
          [
            79.0970775,
            21.0792272
          ],
          [
            79.0978929,
            21.0788748
          ],
          [
            79.0984723,
            21.0782461
          ],
          [
            79.0981719,
            21.0775734
          ],
          [
            79.0988371,
            21.0773532
          ],
          [
            79.0994808,
            21.0772931
          ],
          [
            79.1000816,
            21.0774533
          ],
          [
            79.100618,
            21.0777336
          ],
          [
            79.101412,
            21.0778537
          ],
          [
            79.1019484,
            21.0776455
          ],
          [
            79.1021845,
            21.0771129
          ],
          [
            79.1022917,
            21.0766444
          ],
          [
            79.1022703,
            21.0763921
          ],
          [
            79.102399,
            21.0761718
          ],
          [
            79.1027424,
            21.0759516
          ],
          [
            79.1032797,
            21.0758297
          ],
          [
            79.1034989,
            21.0757982
          ],
          [
            79.1041736,
            21.075751
          ],
          [
            79.1046458,
            21.0755621
          ],
          [
            79.1052867,
            21.0752317
          ],
          [
            79.1058432,
            21.0746808
          ],
          [
            79.1062143,
            21.0743976
          ],
          [
            79.1068046,
            21.0743504
          ],
          [
            79.1076141,
            21.0746179
          ],
          [
            79.1084911,
            21.0749641
          ],
          [
            79.1087947,
            21.0753733
          ],
          [
            79.1098741,
            21.0765536
          ],
          [
            79.1103126,
            21.0767582
          ],
          [
            79.1109862,
            21.0770931
          ],
          [
            79.1120833,
            21.0771821
          ],
          [
            79.1135279,
            21.0778988
          ],
          [
            79.1140339,
            21.0785125
          ],
          [
            79.1149615,
            21.078843
          ],
          [
            79.1158048,
            21.0793781
          ],
          [
            79.1162601,
            21.0798344
          ],
          [
            79.1169516,
            21.0805269
          ],
          [
            79.1175419,
            21.0807944
          ],
          [
            79.118031,
            21.0811563
          ],
          [
            79.1185538,
            21.0813452
          ],
          [
            79.1188911,
            21.08177
          ],
          [
            79.1191374,
            21.0822967
          ],
          [
            79.1196838,
            21.0828873
          ],
          [
            79.1207632,
            21.0834066
          ],
          [
            79.1218426,
            21.0837843
          ],
          [
            79.1227027,
            21.0838473
          ],
          [
            79.1229879,
            21.0838763
          ],
          [
            79.1232791,
            21.0840277
          ],
          [
            79.1236472,
            21.0843508
          ],
          [
            79.1238833,
            21.0847757
          ],
          [
            79.1241062,
            21.085143
          ]
        ]
      },
      "properties": {
        "osm_id": 311295553,
        "name": "Pohara River",
        "waterway_type": "stream",
        "intermittent": "no"
      }
    },
    {
      "type": "Feature",
      "geometry": {
        "type": "LineString",
        "coordinates": [
          [
            79.0560328,
            21.1048908
          ],
          [
            79.0560889,
            21.104653
          ]
        ]
      },
      "properties": {
        "osm_id": 311295562,
        "name": "Nallah",
        "waterway_type": "stream",
        "intermittent": "no"
      }
    },
    {
      "type": "Feature",
      "geometry": {
        "type": "LineString",
        "coordinates": [
          [
            79.0562383,
            21.1041329
          ],
          [
            79.0563025,
            21.1039509
          ]
        ]
      },
      "properties": {
        "osm_id": 311295564,
        "name": "Nallah",
        "waterway_type": "stream",
        "intermittent": "no"
      }
    },
    {
      "type": "Feature",
      "geometry": {
        "type": "LineString",
        "coordinates": [
          [
            79.0560889,
            21.104653
          ],
          [
            79.0561792,
            21.1042524
          ],
          [
            79.0562383,
            21.1041329
          ]
        ]
      },
      "properties": {
        "osm_id": 311295566,
        "name": "Nallah",
        "waterway_type": "stream",
        "intermittent": "no"
      }
    },
    {
      "type": "Feature",
      "geometry": {
        "type": "LineString",
        "coordinates": [
          [
            79.1013532,
            21.1153845
          ],
          [
            79.102005,
            21.1154846
          ]
        ]
      },
      "properties": {
        "osm_id": 314409234,
        "name": "unnamed",
        "waterway_type": "drain",
        "intermittent": "no"
      }
    },
    {
      "type": "Feature",
      "geometry": {
        "type": "LineString",
        "coordinates": [
          [
            79.1010624,
            21.1151165
          ],
          [
            79.1009798,
            21.115186
          ],
          [
            79.1008627,
            21.1152491
          ]
        ]
      },
      "properties": {
        "osm_id": 314409248,
        "name": "unnamed",
        "waterway_type": "drain",
        "intermittent": "no"
      }
    },
    {
      "type": "Feature",
      "geometry": {
        "type": "LineString",
        "coordinates": [
          [
            79.102005,
            21.1154846
          ],
          [
            79.1023537,
            21.1154871
          ],
          [
            79.1024797,
            21.1155096
          ],
          [
            79.1025843,
            21.1155171
          ],
          [
            79.1027077,
            21.1155246
          ],
          [
            79.102882,
            21.1155546
          ],
          [
            79.1029732,
            21.1155997
          ],
          [
            79.1030779,
            21.1156397
          ],
          [
            79.1031194,
            21.1156933
          ],
          [
            79.1031583,
            21.1157598
          ],
          [
            79.1031851,
            21.1158124
          ],
          [
            79.1032495,
            21.1158949
          ]
        ]
      },
      "properties": {
        "osm_id": 314409302,
        "name": "unnamed",
        "waterway_type": "drain",
        "intermittent": "no"
      }
    },
    {
      "type": "Feature",
      "geometry": {
        "type": "LineString",
        "coordinates": [
          [
            79.1004332,
            21.1111859
          ],
          [
            79.1004316,
            21.1112519
          ],
          [
            79.1004074,
            21.1113629
          ],
          [
            79.1004547,
            21.1115012
          ],
          [
            79.1004868,
            21.1115512
          ],
          [
            79.1005546,
            21.1116196
          ],
          [
            79.1007174,
            21.1117356
          ],
          [
            79.1009918,
            21.11191
          ],
          [
            79.1010528,
            21.1119566
          ],
          [
            79.1011037,
            21.1120667
          ],
          [
            79.1011336,
            21.1121258
          ],
          [
            79.101137,
            21.1122105
          ],
          [
            79.1010842,
            21.112313
          ],
          [
            79.1010474,
            21.1123619
          ],
          [
            79.1010252,
            21.1124811
          ],
          [
            79.1010073,
            21.1126073
          ],
          [
            79.1010162,
            21.1128389
          ],
          [
            79.101034,
            21.1130075
          ],
          [
            79.1011189,
            21.1132872
          ],
          [
            79.1011467,
            21.1134147
          ],
          [
            79.1011498,
            21.1134933
          ],
          [
            79.1011332,
            21.1137806
          ],
          [
            79.1011306,
            21.1138651
          ]
        ]
      },
      "properties": {
        "osm_id": 314409316,
        "name": "unnamed",
        "waterway_type": "drain",
        "intermittent": "no"
      }
    },
    {
      "type": "Feature",
      "geometry": {
        "type": "LineString",
        "coordinates": [
          [
            79.1014136,
            21.1049616
          ],
          [
            79.1012804,
            21.105125
          ]
        ]
      },
      "properties": {
        "osm_id": 314568306,
        "name": "unnamed",
        "waterway_type": "drain",
        "intermittent": "no"
      }
    },
    {
      "type": "Feature",
      "geometry": {
        "type": "LineString",
        "coordinates": [
          [
            79.0918933,
            21.115527
          ],
          [
            79.0917162,
            21.1158472
          ],
          [
            79.0914292,
            21.116175
          ],
          [
            79.0913622,
            21.1162276
          ],
          [
            79.0913219,
            21.1163802
          ],
          [
            79.0913273,
            21.1164778
          ],
          [
            79.0913076,
            21.1166004
          ],
          [
            79.0913076,
            21.1166754
          ],
          [
            79.09133,
            21.1167505
          ],
          [
            79.0913612,
            21.1168281
          ],
          [
            79.0913639,
            21.1169106
          ],
          [
            79.0913344,
            21.1169882
          ],
          [
            79.0913022,
            21.1171083
          ],
          [
            79.0912763,
            21.1171809
          ],
          [
            79.0912147,
            21.1172259
          ],
          [
            79.0911101,
            21.1172734
          ],
          [
            79.0910269,
            21.117296
          ],
          [
            79.0909545,
            21.117326
          ],
          [
            79.090874,
            21.1174461
          ],
          [
            79.0907533,
            21.1181542
          ],
          [
            79.0907372,
            21.1182242
          ],
          [
            79.0905656,
            21.1183944
          ],
          [
            79.0903885,
            21.118522
          ],
          [
            79.0902786,
            21.118602
          ],
          [
            79.0901954,
            21.1187146
          ],
          [
            79.0901498,
            21.1187897
          ],
          [
            79.0900282,
            21.1189323
          ],
          [
            79.0899701,
            21.1189824
          ],
          [
            79.0898628,
            21.1190599
          ],
          [
            79.0897797,
            21.1191325
          ],
          [
            79.089726,
            21.1191675
          ],
          [
            79.0896908,
            21.1191905
          ],
          [
            79.0896187,
            21.1192376
          ],
          [
            79.0895749,
            21.1193001
          ],
          [
            79.0895883,
            21.1193602
          ],
          [
            79.0895463,
            21.1194377
          ],
          [
            79.0895597,
            21.1194828
          ],
          [
            79.0895615,
            21.1195453
          ],
          [
            79.0895517,
            21.1196154
          ],
          [
            79.0895454,
            21.1197105
          ],
          [
            79.0896071,
            21.1198331
          ],
          [
            79.089608,
            21.1199106
          ],
          [
            79.0896643,
            21.1199932
          ],
          [
            79.089701,
            21.1200332
          ],
          [
            79.0897358,
            21.1200632
          ],
          [
            79.0897958,
            21.1201208
          ],
          [
            79.0898762,
            21.1201708
          ],
          [
            79.0899316,
            21.1202259
          ],
          [
            79.0899987,
            21.1203059
          ],
          [
            79.0900255,
            21.120351
          ],
          [
            79.0900577,
            21.120371
          ]
        ]
      },
      "properties": {
        "osm_id": 314579704,
        "name": "unnamed",
        "waterway_type": "drain",
        "intermittent": "no"
      }
    },
    {
      "type": "Feature",
      "geometry": {
        "type": "LineString",
        "coordinates": [
          [
            79.1011445,
            21.1820107
          ],
          [
            79.1007191,
            21.1816711
          ],
          [
            79.1007368,
            21.181401
          ],
          [
            79.0992815,
            21.1805106
          ],
          [
            79.0992278,
            21.1803405
          ],
          [
            79.098988,
            21.1800604
          ],
          [
            79.0988486,
            21.1799204
          ],
          [
            79.0987627,
            21.1797503
          ],
          [
            79.098752,
            21.1794702
          ],
          [
            79.0987413,
            21.1792601
          ],
          [
            79.0985626,
            21.1788399
          ],
          [
            79.0985482,
            21.1785398
          ],
          [
            79.0985267,
            21.1783897
          ],
          [
            79.0984516,
            21.1782597
          ],
          [
            79.0983266,
            21.1781896
          ],
          [
            79.0980761,
            21.1781796
          ],
          [
            79.0977794,
            21.1782197
          ],
          [
            79.0965778,
            21.1783197
          ],
          [
            79.0959783,
            21.1782794
          ],
          [
            79.0956296,
            21.1782694
          ],
          [
            79.0955814,
            21.1786196
          ],
          [
            79.0949805,
            21.1786096
          ]
        ]
      },
      "properties": {
        "osm_id": 314724871,
        "name": "unnamed",
        "waterway_type": "drain",
        "intermittent": "no"
      }
    },
    {
      "type": "Feature",
      "geometry": {
        "type": "LineString",
        "coordinates": [
          [
            79.0459659,
            21.1779293
          ],
          [
            79.0461965,
            21.1778042
          ],
          [
            79.0461751,
            21.1777142
          ],
          [
            79.0461643,
            21.1775841
          ],
          [
            79.0461429,
            21.1775141
          ],
          [
            79.0461643,
            21.1774191
          ],
          [
            79.0462126,
            21.1773991
          ]
        ]
      },
      "properties": {
        "osm_id": 314727558,
        "name": "unnamed",
        "waterway_type": "drain",
        "intermittent": "no"
      }
    },
    {
      "type": "Feature",
      "geometry": {
        "type": "LineString",
        "coordinates": [
          [
            79.1011445,
            21.1820107
          ],
          [
            79.1016215,
            21.1823508
          ],
          [
            79.1020989,
            21.182646
          ],
          [
            79.1022813,
            21.1828861
          ],
          [
            79.1024629,
            21.1830964
          ],
          [
            79.1026131,
            21.1833415
          ],
          [
            79.1027365,
            21.1835666
          ],
          [
            79.1028437,
            21.1837316
          ],
          [
            79.1029089,
            21.1838064
          ],
          [
            79.1032354,
            21.1840818
          ],
          [
            79.1033909,
            21.1841318
          ],
          [
            79.1039657,
            21.1843416
          ],
          [
            79.1041803,
            21.1844317
          ],
          [
            79.1042653,
            21.1844619
          ],
          [
            79.1045121,
            21.1844769
          ],
          [
            79.1047436,
            21.1845167
          ],
          [
            79.1048554,
            21.1845419
          ],
          [
            79.1050279,
            21.1845317
          ],
          [
            79.1052202,
            21.184637
          ],
          [
            79.105339,
            21.1847718
          ],
          [
            79.106036,
            21.18481
          ],
          [
            79.1061965,
            21.184807
          ],
          [
            79.1065621,
            21.1847968
          ],
          [
            79.1066525,
            21.184797
          ],
          [
            79.1068732,
            21.1848568
          ],
          [
            79.107002,
            21.1849869
          ],
          [
            79.1071361,
            21.1850819
          ],
          [
            79.1072748,
            21.1851422
          ],
          [
            79.1073989,
            21.1851819
          ],
          [
            79.1074357,
            21.1852372
          ],
          [
            79.1074526,
            21.1855321
          ],
          [
            79.1074794,
            21.1856821
          ],
          [
            79.1075243,
            21.1857416
          ]
        ]
      },
      "properties": {
        "osm_id": 314731087,
        "name": "unnamed",
        "waterway_type": "drain",
        "intermittent": "no"
      }
    },
    {
      "type": "Feature",
      "geometry": {
        "type": "LineString",
        "coordinates": [
          [
            79.085797,
            21.24944
          ],
          [
            79.0858469,
            21.2498544
          ]
        ]
      },
      "properties": {
        "osm_id": 318984844,
        "name": "unnamed",
        "waterway_type": "river",
        "intermittent": "no"
      }
    },
    {
      "type": "Feature",
      "geometry": {
        "type": "LineString",
        "coordinates": [
          [
            79.0959497,
            21.1065066
          ],
          [
            79.0960704,
            21.1064116
          ],
          [
            79.0961367,
            21.1063573
          ],
          [
            79.0963096,
            21.1062629
          ],
          [
            79.0965373,
            21.1062787
          ],
          [
            79.0967818,
            21.1062944
          ],
          [
            79.0970222,
            21.1061803
          ],
          [
            79.0971908,
            21.1060505
          ],
          [
            79.0973511,
            21.1059325
          ],
          [
            79.0984473,
            21.1055785
          ],
          [
            79.0985864,
            21.1053504
          ]
        ]
      },
      "properties": {
        "osm_id": 320014745,
        "name": "unnamed",
        "waterway_type": "stream",
        "intermittent": "no"
      }
    },
    {
      "type": "Feature",
      "geometry": {
        "type": "LineString",
        "coordinates": [
          [
            79.1003591,
            21.1086428
          ],
          [
            79.1001841,
            21.1087396
          ],
          [
            79.1000875,
            21.1087438
          ],
          [
            79.0999443,
            21.1088196
          ],
          [
            79.0999803,
            21.1093441
          ],
          [
            79.1000757,
            21.1096744
          ],
          [
            79.1001036,
            21.1100447
          ],
          [
            79.1002259,
            21.1105152
          ],
          [
            79.1003063,
            21.1107455
          ],
          [
            79.1003558,
            21.1108705
          ],
          [
            79.1004151,
            21.1109678
          ]
        ]
      },
      "properties": {
        "osm_id": 320014749,
        "name": "unnamed",
        "waterway_type": "drain",
        "intermittent": "no"
      }
    },
    {
      "type": "Feature",
      "geometry": {
        "type": "LineString",
        "coordinates": [
          [
            79.1005588,
            21.1167011
          ],
          [
            79.1005314,
            21.116794
          ],
          [
            79.1005163,
            21.1169808
          ],
          [
            79.1005217,
            21.1171935
          ],
          [
            79.100513,
            21.1174226
          ],
          [
            79.1004842,
            21.1174938
          ]
        ]
      },
      "properties": {
        "osm_id": 320014752,
        "name": "unnamed",
        "waterway_type": "drain",
        "intermittent": "no"
      }
    },
    {
      "type": "Feature",
      "geometry": {
        "type": "LineString",
        "coordinates": [
          [
            79.1007804,
            21.1152852
          ],
          [
            79.10073,
            21.115305
          ],
          [
            79.1005469,
            21.1153846
          ],
          [
            79.1004924,
            21.1154581
          ],
          [
            79.1004775,
            21.1155245
          ],
          [
            79.1004941,
            21.1156171
          ],
          [
            79.1005641,
            21.1158314
          ],
          [
            79.100599,
            21.1159844
          ],
          [
            79.1006183,
            21.1160601
          ],
          [
            79.1006317,
            21.1161401
          ],
          [
            79.1005834,
            21.1162878
          ],
          [
            79.1005888,
            21.1163778
          ],
          [
            79.1005888,
            21.1164604
          ],
          [
            79.1005996,
            21.1165929
          ]
        ]
      },
      "properties": {
        "osm_id": 320014756,
        "name": "unnamed",
        "waterway_type": "drain",
        "intermittent": "no"
      }
    },
    {
      "type": "Feature",
      "geometry": {
        "type": "LineString",
        "coordinates": [
          [
            79.101086,
            21.1053635
          ],
          [
            79.1010456,
            21.105413
          ],
          [
            79.1008812,
            21.105632
          ],
          [
            79.1008574,
            21.1057976
          ],
          [
            79.1008703,
            21.1060569
          ],
          [
            79.1008974,
            21.1062829
          ],
          [
            79.1008813,
            21.1064497
          ],
          [
            79.1008137,
            21.1065937
          ],
          [
            79.100835,
            21.1068831
          ],
          [
            79.1008673,
            21.1070792
          ],
          [
            79.1007504,
            21.1072396
          ],
          [
            79.1005948,
            21.1073096
          ],
          [
            79.1005465,
            21.1073897
          ],
          [
            79.1005575,
            21.107512
          ],
          [
            79.1005745,
            21.107756
          ]
        ]
      },
      "properties": {
        "osm_id": 320014759,
        "name": "unnamed",
        "waterway_type": "drain",
        "intermittent": "no"
      }
    },
    {
      "type": "Feature",
      "geometry": {
        "type": "LineString",
        "coordinates": [
          [
            79.0931597,
            21.109652
          ],
          [
            79.0932545,
            21.109559
          ]
        ]
      },
      "properties": {
        "osm_id": 320014762,
        "name": "unnamed",
        "waterway_type": "stream",
        "intermittent": "no"
      }
    },
    {
      "type": "Feature",
      "geometry": {
        "type": "LineString",
        "coordinates": [
          [
            79.1011921,
            21.114802
          ],
          [
            79.1011561,
            21.1148718
          ]
        ]
      },
      "properties": {
        "osm_id": 320014764,
        "name": "unnamed",
        "waterway_type": "drain",
        "intermittent": "no"
      }
    },
    {
      "type": "Feature",
      "geometry": {
        "type": "LineString",
        "coordinates": [
          [
            79.1008627,
            21.1152491
          ],
          [
            79.1007804,
            21.1152852
          ]
        ]
      },
      "properties": {
        "osm_id": 320014766,
        "name": "unnamed",
        "waterway_type": "drain",
        "intermittent": "no"
      }
    },
    {
      "type": "Feature",
      "geometry": {
        "type": "LineString",
        "coordinates": [
          [
            79.1004151,
            21.1109678
          ],
          [
            79.1004343,
            21.1110785
          ]
        ]
      },
      "properties": {
        "osm_id": 320014768,
        "name": "unnamed",
        "waterway_type": "drain",
        "intermittent": "no"
      }
    },
    {
      "type": "Feature",
      "geometry": {
        "type": "LineString",
        "coordinates": [
          [
            79.1004343,
            21.1110785
          ],
          [
            79.1004332,
            21.1111859
          ]
        ]
      },
      "properties": {
        "osm_id": 320014770,
        "name": "unnamed",
        "waterway_type": "drain",
        "intermittent": "no"
      }
    },
    {
      "type": "Feature",
      "geometry": {
        "type": "LineString",
        "coordinates": [
          [
            79.0945109,
            21.1074841
          ],
          [
            79.0947311,
            21.1073109
          ]
        ]
      },
      "properties": {
        "osm_id": 320014772,
        "name": "unnamed",
        "waterway_type": "stream",
        "intermittent": "no"
      }
    },
    {
      "type": "Feature",
      "geometry": {
        "type": "LineString",
        "coordinates": [
          [
            79.1004404,
            21.1085538
          ],
          [
            79.1003591,
            21.1086428
          ]
        ]
      },
      "properties": {
        "osm_id": 320014774,
        "name": "unnamed",
        "waterway_type": "drain",
        "intermittent": "no"
      }
    },
    {
      "type": "Feature",
      "geometry": {
        "type": "LineString",
        "coordinates": [
          [
            79.0958516,
            21.1065615
          ],
          [
            79.0959497,
            21.1065066
          ]
        ]
      },
      "properties": {
        "osm_id": 320014776,
        "name": "unnamed",
        "waterway_type": "stream",
        "intermittent": "no"
      }
    },
    {
      "type": "Feature",
      "geometry": {
        "type": "LineString",
        "coordinates": [
          [
            79.0927864,
            21.1102461
          ],
          [
            79.0928581,
            21.110174
          ]
        ]
      },
      "properties": {
        "osm_id": 320014777,
        "name": "unnamed",
        "waterway_type": "stream",
        "intermittent": "no"
      }
    },
    {
      "type": "Feature",
      "geometry": {
        "type": "LineString",
        "coordinates": [
          [
            79.1011306,
            21.1138651
          ],
          [
            79.1011402,
            21.113946
          ]
        ]
      },
      "properties": {
        "osm_id": 320014779,
        "name": "unnamed",
        "waterway_type": "drain",
        "intermittent": "no"
      }
    },
    {
      "type": "Feature",
      "geometry": {
        "type": "LineString",
        "coordinates": [
          [
            79.1012804,
            21.105125
          ],
          [
            79.101086,
            21.1053635
          ]
        ]
      },
      "properties": {
        "osm_id": 320014781,
        "name": "unnamed",
        "waterway_type": "drain",
        "intermittent": "no"
      }
    },
    {
      "type": "Feature",
      "geometry": {
        "type": "LineString",
        "coordinates": [
          [
            79.1005996,
            21.1165929
          ],
          [
            79.1005588,
            21.1167011
          ]
        ]
      },
      "properties": {
        "osm_id": 320014784,
        "name": "unnamed",
        "waterway_type": "drain",
        "intermittent": "no"
      }
    },
    {
      "type": "Feature",
      "geometry": {
        "type": "LineString",
        "coordinates": [
          [
            79.0997345,
            21.1177925
          ],
          [
            79.0996474,
            21.1178465
          ]
        ]
      },
      "properties": {
        "osm_id": 320014786,
        "name": "unnamed",
        "waterway_type": "drain",
        "intermittent": "no"
      }
    },
    {
      "type": "Feature",
      "geometry": {
        "type": "LineString",
        "coordinates": [
          [
            79.1005745,
            21.107756
          ],
          [
            79.1005585,
            21.1078378
          ]
        ]
      },
      "properties": {
        "osm_id": 320014788,
        "name": "unnamed",
        "waterway_type": "drain",
        "intermittent": "no"
      }
    },
    {
      "type": "Feature",
      "geometry": {
        "type": "LineString",
        "coordinates": [
          [
            79.0921093,
            21.1108566
          ],
          [
            79.0921192,
            21.1107603
          ]
        ]
      },
      "properties": {
        "osm_id": 320014790,
        "name": "unnamed",
        "waterway_type": "stream",
        "intermittent": "no"
      }
    },
    {
      "type": "Feature",
      "geometry": {
        "type": "LineString",
        "coordinates": [
          [
            79.0941086,
            21.1083209
          ],
          [
            79.0941792,
            21.1082603
          ]
        ]
      },
      "properties": {
        "osm_id": 320014792,
        "name": "unnamed",
        "waterway_type": "stream",
        "intermittent": "no"
      }
    },
    {
      "type": "Feature",
      "geometry": {
        "type": "LineString",
        "coordinates": [
          [
            79.0996474,
            21.1178465
          ],
          [
            79.0995266,
            21.1179216
          ],
          [
            79.0993791,
            21.1180642
          ],
          [
            79.0993516,
            21.118086
          ],
          [
            79.0992718,
            21.1181493
          ],
          [
            79.0991565,
            21.1182569
          ],
          [
            79.0991726,
            21.118377
          ],
          [
            79.0991726,
            21.1184571
          ],
          [
            79.0991618,
            21.1185046
          ],
          [
            79.0990867,
            21.1187248
          ],
          [
            79.0990706,
            21.1188854
          ],
          [
            79.0991055,
            21.11897
          ],
          [
            79.0991028,
            21.1190401
          ],
          [
            79.0990975,
            21.1190751
          ],
          [
            79.0990814,
            21.1192552
          ],
          [
            79.098966,
            21.1194028
          ],
          [
            79.0989668,
            21.1194169
          ]
        ]
      },
      "properties": {
        "osm_id": 320014794,
        "name": "unnamed",
        "waterway_type": "drain",
        "intermittent": "no"
      }
    },
    {
      "type": "Feature",
      "geometry": {
        "type": "LineString",
        "coordinates": [
          [
            79.1005585,
            21.1078378
          ],
          [
            79.1006133,
            21.1080482
          ],
          [
            79.1006807,
            21.1082514
          ],
          [
            79.1006292,
            21.1083731
          ],
          [
            79.1004404,
            21.1085538
          ]
        ]
      },
      "properties": {
        "osm_id": 320014797,
        "name": "unnamed",
        "waterway_type": "drain",
        "intermittent": "no"
      }
    },
    {
      "type": "Feature",
      "geometry": {
        "type": "LineString",
        "coordinates": [
          [
            79.0928581,
            21.110174
          ],
          [
            79.0929281,
            21.1100823
          ],
          [
            79.0929998,
            21.1099682
          ],
          [
            79.0930672,
            21.1097952
          ],
          [
            79.0931597,
            21.109652
          ]
        ]
      },
      "properties": {
        "osm_id": 320014799,
        "name": "unnamed",
        "waterway_type": "stream",
        "intermittent": "no"
      }
    },
    {
      "type": "Feature",
      "geometry": {
        "type": "LineString",
        "coordinates": [
          [
            79.0947311,
            21.1073109
          ],
          [
            79.0950497,
            21.1070884
          ],
          [
            79.095468,
            21.1067636
          ],
          [
            79.095579,
            21.106688
          ],
          [
            79.0958516,
            21.1065615
          ]
        ]
      },
      "properties": {
        "osm_id": 320014801,
        "name": "unnamed",
        "waterway_type": "stream",
        "intermittent": "no"
      }
    },
    {
      "type": "Feature",
      "geometry": {
        "type": "LineString",
        "coordinates": [
          [
            79.0941792,
            21.1082603
          ],
          [
            79.0943068,
            21.108151
          ],
          [
            79.0944333,
            21.1079583
          ],
          [
            79.0944709,
            21.1078313
          ],
          [
            79.0944836,
            21.1076793
          ],
          [
            79.0945109,
            21.1074841
          ]
        ]
      },
      "properties": {
        "osm_id": 320014803,
        "name": "unnamed",
        "waterway_type": "stream",
        "intermittent": "no"
      }
    },
    {
      "type": "Feature",
      "geometry": {
        "type": "LineString",
        "coordinates": [
          [
            79.0921192,
            21.1107603
          ],
          [
            79.0921017,
            21.1106448
          ],
          [
            79.0921439,
            21.1105779
          ],
          [
            79.09238,
            21.1105425
          ],
          [
            79.0924854,
            21.110511
          ],
          [
            79.0927864,
            21.1102461
          ]
        ]
      },
      "properties": {
        "osm_id": 320014805,
        "name": "unnamed",
        "waterway_type": "stream",
        "intermittent": "no"
      }
    },
    {
      "type": "Feature",
      "geometry": {
        "type": "LineString",
        "coordinates": [
          [
            79.0932545,
            21.109559
          ],
          [
            79.0934414,
            21.1093455
          ],
          [
            79.0935692,
            21.1091667
          ],
          [
            79.0938894,
            21.1086545
          ],
          [
            79.0940497,
            21.1083713
          ],
          [
            79.0941086,
            21.1083209
          ]
        ]
      },
      "properties": {
        "osm_id": 320014807,
        "name": "unnamed",
        "waterway_type": "stream",
        "intermittent": "no"
      }
    },
    {
      "type": "Feature",
      "geometry": {
        "type": "LineString",
        "coordinates": [
          [
            79.1011402,
            21.113946
          ],
          [
            79.1011467,
            21.1139933
          ],
          [
            79.1011923,
            21.1141134
          ],
          [
            79.1012143,
            21.1142377
          ],
          [
            79.1012271,
            21.1144637
          ],
          [
            79.1012325,
            21.1147114
          ],
          [
            79.1011921,
            21.114802
          ]
        ]
      },
      "properties": {
        "osm_id": 320014809,
        "name": "unnamed",
        "waterway_type": "drain",
        "intermittent": "no"
      }
    },
    {
      "type": "Feature",
      "geometry": {
        "type": "LineString",
        "coordinates": [
          [
            79.1011561,
            21.1148718
          ],
          [
            79.1011376,
            21.1149113
          ],
          [
            79.1010963,
            21.1150235
          ],
          [
            79.1010624,
            21.1151165
          ],
          [
            79.1010675,
            21.1151409
          ],
          [
            79.1011198,
            21.1152069
          ],
          [
            79.1013532,
            21.1153845
          ]
        ]
      },
      "properties": {
        "osm_id": 320014811,
        "name": "unnamed",
        "waterway_type": "drain",
        "intermittent": "no"
      }
    },
    {
      "type": "Feature",
      "geometry": {
        "type": "LineString",
        "coordinates": [
          [
            79.0612707,
            21.1446199
          ],
          [
            79.0615594,
            21.1445509
          ]
        ]
      },
      "properties": {
        "osm_id": 320016410,
        "name": "unnamed",
        "waterway_type": "stream",
        "intermittent": "no"
      }
    },
    {
      "type": "Feature",
      "geometry": {
        "type": "LineString",
        "coordinates": [
          [
            79.0647209,
            21.1431668
          ],
          [
            79.0648984,
            21.1431761
          ]
        ]
      },
      "properties": {
        "osm_id": 320016411,
        "name": "unnamed",
        "waterway_type": "stream",
        "intermittent": "no"
      }
    },
    {
      "type": "Feature",
      "geometry": {
        "type": "LineString",
        "coordinates": [
          [
            79.0615594,
            21.1445509
          ],
          [
            79.0619697,
            21.1444447
          ],
          [
            79.0627193,
            21.1440589
          ],
          [
            79.0632879,
            21.1436491
          ],
          [
            79.0638566,
            21.1431308
          ],
          [
            79.064296,
            21.1431187
          ],
          [
            79.0647209,
            21.1431668
          ]
        ]
      },
      "properties": {
        "osm_id": 320016412,
        "name": "unnamed",
        "waterway_type": "stream",
        "intermittent": "no"
      }
    },
    {
      "type": "Feature",
      "geometry": {
        "type": "LineString",
        "coordinates": [
          [
            79.0648984,
            21.1431761
          ],
          [
            79.0652266,
            21.1434442
          ],
          [
            79.0655755,
            21.1437214
          ],
          [
            79.0659762,
            21.1438058
          ],
          [
            79.0661959,
            21.1438661
          ],
          [
            79.066519,
            21.1444808
          ],
          [
            79.0667646,
            21.1447942
          ],
          [
            79.067204,
            21.1448907
          ]
        ]
      },
      "properties": {
        "osm_id": 320016413,
        "name": "unnamed",
        "waterway_type": "stream",
        "intermittent": "no"
      }
    },
    {
      "type": "Feature",
      "geometry": {
        "type": "LineString",
        "coordinates": [
          [
            79.0778232,
            21.1959096
          ],
          [
            79.0784522,
            21.1959409
          ]
        ]
      },
      "properties": {
        "osm_id": 371861442,
        "name": "unnamed",
        "waterway_type": "drain",
        "intermittent": "no"
      }
    },
    {
      "type": "Feature",
      "geometry": {
        "type": "LineString",
        "coordinates": [
          [
            79.0784522,
            21.1959409
          ],
          [
            79.0787239,
            21.1960222
          ],
          [
            79.0798306,
            21.1960674
          ],
          [
            79.0800637,
            21.1960252
          ],
          [
            79.0801091,
            21.1960765
          ],
          [
            79.0801479,
            21.1961942
          ],
          [
            79.0802936,
            21.1961912
          ],
          [
            79.0805948,
            21.1961037
          ]
        ]
      },
      "properties": {
        "osm_id": 371861443,
        "name": "unnamed",
        "waterway_type": "drain",
        "intermittent": "no"
      }
    },
    {
      "type": "Feature",
      "geometry": {
        "type": "LineString",
        "coordinates": [
          [
            79.0462126,
            21.1773991
          ],
          [
            79.0463789,
            21.177334
          ]
        ]
      },
      "properties": {
        "osm_id": 372145569,
        "name": "unnamed",
        "waterway_type": "drain",
        "intermittent": "no"
      }
    },
    {
      "type": "Feature",
      "geometry": {
        "type": "LineString",
        "coordinates": [
          [
            79.0463789,
            21.177334
          ],
          [
            79.0463145,
            21.177159
          ],
          [
            79.0462502,
            21.1770389
          ],
          [
            79.046336,
            21.1768288
          ],
          [
            79.0463628,
            21.1766137
          ],
          [
            79.0463682,
            21.1765137
          ],
          [
            79.0463843,
            21.1763936
          ],
          [
            79.0463414,
            21.1762886
          ],
          [
            79.0464379,
            21.1761985
          ],
          [
            79.0465345,
            21.1761085
          ],
          [
            79.0466203,
            21.1760235
          ],
          [
            79.0466579,
            21.1759384
          ],
          [
            79.0466579,
            21.1758684
          ],
          [
            79.0466579,
            21.1757934
          ],
          [
            79.0466525,
            21.1756533
          ],
          [
            79.0466364,
            21.1755182
          ],
          [
            79.0466418,
            21.1754032
          ],
          [
            79.0466418,
            21.1753031
          ],
          [
            79.0466418,
            21.1752381
          ],
          [
            79.0466203,
            21.1750981
          ],
          [
            79.0466042,
            21.175048
          ],
          [
            79.0466203,
            21.174978
          ],
          [
            79.0473767,
            21.1743877
          ],
          [
            79.0474518,
            21.1742727
          ],
          [
            79.0474625,
            21.1742127
          ]
        ]
      },
      "properties": {
        "osm_id": 372145570,
        "name": "unnamed",
        "waterway_type": "drain",
        "intermittent": "no"
      }
    },
    {
      "type": "Feature",
      "geometry": {
        "type": "LineString",
        "coordinates": [
          [
            79.1878772,
            21.2157235
          ],
          [
            79.1877942,
            21.2160354
          ]
        ]
      },
      "properties": {
        "osm_id": 372290664,
        "name": "unnamed",
        "waterway_type": "river",
        "intermittent": "no"
      }
    },
    {
      "type": "Feature",
      "geometry": {
        "type": "LineString",
        "coordinates": [
          [
            79.1877942,
            21.2160354
          ],
          [
            79.187528,
            21.2163781
          ],
          [
            79.1875436,
            21.2165428
          ],
          [
            79.1874631,
            21.2172963
          ],
          [
            79.1873097,
            21.2176064
          ],
          [
            79.1874137,
            21.2178002
          ],
          [
            79.187645,
            21.2180424
          ],
          [
            79.188157,
            21.2183477
          ],
          [
            79.1883701,
            21.218636
          ],
          [
            79.1885832,
            21.2187571
          ],
          [
            79.1886403,
            21.2190551
          ],
          [
            79.1887625,
            21.2191641
          ],
          [
            79.1888811,
            21.2195157
          ],
          [
            79.1890216,
            21.2196804
          ],
          [
            79.1894401,
            21.2199128
          ],
          [
            79.1896153,
            21.2201818
          ],
          [
            79.1897724,
            21.2202734
          ],
          [
            79.1899552,
            21.2203058
          ],
          [
            79.1903616,
            21.220517
          ],
          [
            79.1906351,
            21.2205438
          ],
          [
            79.1913104,
            21.2208339
          ],
          [
            79.1915491,
            21.2210343
          ]
        ]
      },
      "properties": {
        "osm_id": 372290665,
        "name": "unnamed",
        "waterway_type": "river",
        "intermittent": "no"
      }
    },
    {
      "type": "Feature",
      "geometry": {
        "type": "LineString",
        "coordinates": [
          [
            79.1353898,
            21.0986714
          ],
          [
            79.1356548,
            21.0983897
          ],
          [
            79.1357653,
            21.0981769
          ],
          [
            79.1361606,
            21.0973827
          ],
          [
            79.1367677,
            21.0971309
          ],
          [
            79.1375772,
            21.0964701
          ],
          [
            79.1379123,
            21.0959947
          ],
          [
            79.1381957,
            21.0957328
          ],
          [
            79.1383032,
            21.0956859
          ],
          [
            79.1386625,
            21.0956484
          ],
          [
            79.1388801,
            21.095645
          ],
          [
            79.1391573,
            21.0955896
          ],
          [
            79.1394139,
            21.0955328
          ],
          [
            79.1396404,
            21.0953356
          ],
          [
            79.1397866,
            21.0950539
          ],
          [
            79.1400227,
            21.094928
          ],
          [
            79.1404106,
            21.094928
          ],
          [
            79.1408128,
            21.0948223
          ],
          [
            79.1411072,
            21.094664
          ],
          [
            79.1412371,
            21.0945261
          ],
          [
            79.1413049,
            21.094412
          ],
          [
            79.1412461,
            21.0942138
          ],
          [
            79.1410431,
            21.0940297
          ],
          [
            79.1408829,
            21.093685
          ],
          [
            79.1409166,
            21.093323
          ],
          [
            79.1412033,
            21.09315
          ],
          [
            79.1416081,
            21.0927251
          ],
          [
            79.1418442,
            21.092615
          ],
          [
            79.1416744,
            21.0923924
          ],
          [
            79.1414956,
            21.0921031
          ],
          [
            79.1416744,
            21.0919696
          ],
          [
            79.1419607,
            21.0919807
          ],
          [
            79.1421992,
            21.0920586
          ],
          [
            79.1424138,
            21.0918027
          ],
          [
            79.1425569,
            21.091391
          ],
          [
            79.1428551,
            21.0910238
          ],
          [
            79.143833,
            21.090423
          ],
          [
            79.1439284,
            21.0900335
          ],
          [
            79.1441192,
            21.0893659
          ],
          [
            79.1442862,
            21.0890544
          ],
          [
            79.1443219,
            21.0888096
          ],
          [
            79.1441311,
            21.088676
          ],
          [
            79.1439045,
            21.0885759
          ],
          [
            79.1439045,
            21.0883756
          ],
          [
            79.1440715,
            21.0883534
          ],
          [
            79.1443696,
            21.0883311
          ],
          [
            79.144632,
            21.0882643
          ],
          [
            79.1448405,
            21.0880558
          ],
          [
            79.1448524,
            21.0878221
          ],
          [
            79.1446557,
            21.0877387
          ],
          [
            79.1443575,
            21.0877275
          ],
          [
            79.1442562,
            21.0876163
          ],
          [
            79.1441608,
            21.087594
          ],
          [
            79.143958,
            21.0877053
          ],
          [
            79.1437672,
            21.0880002
          ],
          [
            79.1435287,
            21.0880558
          ],
          [
            79.1430875,
            21.0879223
          ],
          [
            79.1431888,
            21.0876942
          ],
          [
            79.1433081,
            21.0875161
          ],
          [
            79.1435227,
            21.0872992
          ],
          [
            79.1435824,
            21.0871378
          ],
          [
            79.1435854,
            21.0866315
          ],
          [
            79.1435495,
            21.0864564
          ]
        ]
      },
      "properties": {
        "osm_id": 372432716,
        "name": "unnamed",
        "waterway_type": "stream",
        "intermittent": "no"
      }
    },
    {
      "type": "Feature",
      "geometry": {
        "type": "LineString",
        "coordinates": [
          [
            79.0965939,
            21.0888201
          ],
          [
            79.0967729,
            21.0888608
          ],
          [
            79.0969369,
            21.0889704
          ],
          [
            79.0970396,
            21.0890373
          ],
          [
            79.0971649,
            21.0891327
          ],
          [
            79.0972647,
            21.0891972
          ],
          [
            79.0973895,
            21.0892129
          ],
          [
            79.0975328,
            21.0891818
          ],
          [
            79.0982114,
            21.0887363
          ],
          [
            79.0986835,
            21.088468
          ],
          [
            79.0986406,
            21.0882879
          ],
          [
            79.0991898,
            21.0878494
          ],
          [
            79.0993139,
            21.0876575
          ],
          [
            79.0994946,
            21.0875888
          ],
          [
            79.0997135,
            21.0876952
          ],
          [
            79.1001855,
            21.0875551
          ],
          [
            79.1004859,
            21.0872948
          ],
          [
            79.1010438,
            21.0871947
          ],
          [
            79.1016876,
            21.0871947
          ],
          [
            79.1023313,
            21.0875151
          ],
          [
            79.1025663,
            21.0877523
          ],
          [
            79.1025158,
            21.0881737
          ],
          [
            79.1026903,
            21.0887241
          ],
          [
            79.1033581,
            21.0889466
          ],
          [
            79.1036444,
            21.0884125
          ],
          [
            79.1052185,
            21.0882345
          ],
          [
            79.1066019,
            21.0878339
          ],
          [
            79.1068404,
            21.0872998
          ],
          [
            79.1076991,
            21.0860535
          ],
          [
            79.1074694,
            21.0855889
          ],
          [
            79.1081373,
            21.0852105
          ],
          [
            79.1085428,
            21.0847432
          ],
          [
            79.1088051,
            21.0848322
          ],
          [
            79.1095922,
            21.0853218
          ],
          [
            79.1105224,
            21.0850993
          ],
          [
            79.1108325,
            21.0855666
          ],
          [
            79.1113811,
            21.0862787
          ],
          [
            79.1121681,
            21.0858559
          ],
          [
            79.1131222,
            21.0860117
          ],
          [
            79.1142671,
            21.0859449
          ],
          [
            79.1147202,
            21.0855666
          ],
          [
            79.1156504,
            21.0857446
          ],
          [
            79.1161275,
            21.0863455
          ],
          [
            79.1165568,
            21.0874806
          ],
          [
            79.11732,
            21.0881037
          ],
          [
            79.1181787,
            21.0881704
          ],
          [
            79.1193474,
            21.0871468
          ],
          [
            79.1200152,
            21.0864568
          ],
          [
            79.1210408,
            21.0858782
          ],
          [
            79.1219949,
            21.0858337
          ],
          [
            79.1229012,
            21.0857669
          ],
          [
            79.1241062,
            21.085143
          ]
        ]
      },
      "properties": {
        "osm_id": 372432831,
        "name": "unnamed",
        "waterway_type": "stream",
        "intermittent": "no"
      }
    },
    {
      "type": "Feature",
      "geometry": {
        "type": "LineString",
        "coordinates": [
          [
            79.0759928,
            21.1098999
          ],
          [
            79.0763462,
            21.1097526
          ]
        ]
      },
      "properties": {
        "osm_id": 372646921,
        "name": "unnamed",
        "waterway_type": "stream",
        "intermittent": "no"
      }
    },
    {
      "type": "Feature",
      "geometry": {
        "type": "LineString",
        "coordinates": [
          [
            79.0763462,
            21.1097526
          ],
          [
            79.0769073,
            21.1094651
          ],
          [
            79.0777013,
            21.1090367
          ],
          [
            79.0795646,
            21.1080649
          ]
        ]
      },
      "properties": {
        "osm_id": 372646922,
        "name": "unnamed",
        "waterway_type": "stream",
        "intermittent": "no"
      }
    },
    {
      "type": "Feature",
      "geometry": {
        "type": "LineString",
        "coordinates": [
          [
            78.9952509,
            21.1961598
          ],
          [
            78.995385,
            21.1962273
          ],
          [
            78.9955379,
            21.1962448
          ],
          [
            78.9957444,
            21.1962173
          ],
          [
            78.9959026,
            21.1961798
          ],
          [
            78.996026,
            21.1961348
          ],
          [
            78.9961655,
            21.1961848
          ],
          [
            78.9962755,
            21.1963348
          ],
          [
            78.9963479,
            21.1964574
          ],
          [
            78.9965222,
            21.1965249
          ],
          [
            78.996769,
            21.1966174
          ],
          [
            78.9970077,
            21.1967375
          ],
          [
            78.9971472,
            21.19683
          ],
          [
            78.9972571,
            21.196875
          ],
          [
            78.9973939,
            21.1968375
          ],
          [
            78.997638,
            21.1969
          ],
          [
            78.9977936,
            21.1969675
          ],
          [
            78.9978365,
            21.19692
          ],
          [
            78.9978606,
            21.1968225
          ],
          [
            78.9978928,
            21.1967425
          ],
          [
            78.9980055,
            21.1967299
          ],
          [
            78.9981825,
            21.1967975
          ],
          [
            78.9983408,
            21.1969175
          ],
          [
            78.9984427,
            21.19701
          ],
          [
            78.9985205,
            21.1970851
          ],
          [
            78.9985741,
            21.1971726
          ],
          [
            78.998786,
            21.1973876
          ],
          [
            78.9989174,
            21.1974877
          ],
          [
            78.9990435,
            21.1975202
          ],
          [
            78.9990703,
            21.1976202
          ],
          [
            78.9990676,
            21.1977527
          ],
          [
            78.9991481,
            21.1978853
          ],
          [
            78.9992527,
            21.1980028
          ],
          [
            78.9993305,
            21.1980878
          ],
          [
            78.9994673,
            21.1982204
          ],
          [
            78.999588,
            21.1983529
          ],
          [
            78.9996819,
            21.1984254
          ],
          [
            78.999985,
            21.198528
          ],
          [
            79.000162,
            21.1986405
          ],
          [
            79.0002612,
            21.1986755
          ],
          [
            79.0003336,
            21.198673
          ],
          [
            79.0004356,
            21.1986905
          ],
          [
            79.0005268,
            21.198648
          ],
          [
            79.0005831,
            21.198593
          ],
          [
            79.0007682,
            21.198638
          ],
          [
            79.0009023,
            21.198683
          ],
          [
            79.0009881,
            21.1986805
          ],
          [
            79.0011115,
            21.198658
          ],
          [
            79.0012268,
            21.198613
          ],
          [
            79.0013636,
            21.1985805
          ],
          [
            79.0014789,
            21.198563
          ],
          [
            79.0017096,
            21.1986055
          ],
          [
            79.0017794,
            21.198583
          ],
          [
            79.0018652,
            21.1985455
          ],
          [
            79.0019591,
            21.198453
          ],
          [
            79.0020395,
            21.1983454
          ],
          [
            79.0021039,
            21.1983004
          ],
          [
            79.0022166,
            21.1982979
          ],
          [
            79.0024472,
            21.1983979
          ],
          [
            79.0026806,
            21.1985105
          ],
          [
            79.0028496,
            21.1985805
          ],
          [
            79.0029354,
            21.198588
          ],
          [
            79.0030051,
            21.1985655
          ],
          [
            79.0030802,
            21.1985405
          ],
          [
            79.0032465,
            21.198598
          ],
          [
            79.0033645,
            21.1987005
          ],
          [
            79.0034933,
            21.1987855
          ],
          [
            79.0035121,
            21.1989131
          ],
          [
            79.0036784,
            21.1990281
          ],
          [
            79.0037964,
            21.1990456
          ],
          [
            79.00396,
            21.1991006
          ],
          [
            79.0041558,
            21.1992632
          ],
          [
            79.0042658,
            21.1993857
          ],
          [
            79.0044401,
            21.1995683
          ],
          [
            79.0045957,
            21.1997133
          ],
          [
            79.0047888,
            21.1998633
          ],
          [
            79.004998,
            21.2000284
          ],
          [
            79.0050677,
            21.2000009
          ],
          [
            79.0051589,
            21.1999309
          ],
          [
            79.0053065,
            21.1999159
          ],
          [
            79.0054835,
            21.1999834
          ],
          [
            79.0056149,
            21.2000009
          ],
          [
            79.005741,
            21.2000659
          ],
          [
            79.0058617,
            21.2000259
          ],
          [
            79.0059287,
            21.1999509
          ],
          [
            79.005969,
            21.1998558
          ],
          [
            79.0060548,
            21.1998008
          ],
          [
            79.0062291,
            21.1998158
          ],
          [
            79.006433,
            21.1998784
          ],
          [
            79.0066395,
            21.1999384
          ],
          [
            79.0067844,
            21.2000384
          ],
          [
            79.0068595,
            21.2001659
          ],
          [
            79.0069533,
            21.2002485
          ],
          [
            79.0070365,
            21.2002635
          ],
          [
            79.0070928,
            21.200316
          ],
          [
            79.0070874,
            21.200391
          ],
          [
            79.0070579,
            21.2004535
          ],
          [
            79.0069882,
            21.2005185
          ],
          [
            79.0069855,
            21.2005585
          ],
          [
            79.0071277,
            21.2007661
          ],
          [
            79.0072162,
            21.2008561
          ],
          [
            79.0072913,
            21.2008836
          ],
          [
            79.0073718,
            21.2009311
          ],
          [
            79.0074898,
            21.2008886
          ],
          [
            79.0076105,
            21.2008986
          ],
          [
            79.007766,
            21.2009461
          ],
          [
            79.0081362,
            21.2009962
          ],
          [
            79.0082301,
            21.2010262
          ],
          [
            79.0084661,
            21.2011462
          ],
          [
            79.0085734,
            21.2012312
          ],
          [
            79.0087477,
            21.2013337
          ],
          [
            79.0089596,
            21.2014288
          ],
          [
            79.0091206,
            21.2014638
          ],
          [
            79.0093083,
            21.2014363
          ],
          [
            79.0095417,
            21.2013437
          ],
          [
            79.0097509,
            21.2012537
          ],
          [
            79.0101076,
            21.2010712
          ],
          [
            79.0102927,
            21.2010912
          ],
          [
            79.0105126,
            21.2011562
          ],
          [
            79.0108452,
            21.2012587
          ],
          [
            79.0111081,
            21.2014238
          ],
          [
            79.0113227,
            21.2015288
          ],
          [
            79.0114916,
            21.2015913
          ],
          [
            79.0116713,
            21.2016163
          ],
          [
            79.0118725,
            21.2016338
          ],
          [
            79.0120227,
            21.2016913
          ],
          [
            79.0121622,
            21.2016988
          ],
          [
            79.0122829,
            21.2016613
          ],
          [
            79.0123741,
            21.2016288
          ],
          [
            79.0124385,
            21.2016338
          ],
          [
            79.0125726,
            21.2015563
          ],
          [
            79.012704,
            21.2015263
          ],
          [
            79.0128488,
            21.2015963
          ],
          [
            79.0130554,
            21.2017664
          ],
          [
            79.0131278,
            21.2019289
          ],
          [
            79.0133504,
            21.2023265
          ],
          [
            79.013404,
            21.2024565
          ],
          [
            79.0134094,
            21.2025691
          ],
          [
            79.0135033,
            21.2026541
          ],
          [
            79.0135355,
            21.2027741
          ],
          [
            79.0134738,
            21.2029192
          ],
          [
            79.013565,
            21.2030867
          ],
          [
            79.0137903,
            21.2033068
          ],
          [
            79.0139298,
            21.2034443
          ],
          [
            79.0140344,
            21.2035593
          ],
          [
            79.0141175,
            21.2036919
          ],
          [
            79.0142087,
            21.2038069
          ]
        ]
      },
      "properties": {
        "osm_id": 386911284,
        "name": "unnamed",
        "waterway_type": "stream",
        "intermittent": "yes"
      }
    },
    {
      "type": "Feature",
      "geometry": {
        "type": "LineString",
        "coordinates": [
          [
            79.0207907,
            21.166989
          ],
          [
            79.020858,
            21.167002
          ],
          [
            79.0209141,
            21.167059
          ],
          [
            79.0209546,
            21.1671571
          ],
          [
            79.0209784,
            21.1672591
          ],
          [
            79.0209921,
            21.1673422
          ],
          [
            79.0210696,
            21.1673842
          ],
          [
            79.0211716,
            21.1674192
          ],
          [
            79.0212413,
            21.1674692
          ],
          [
            79.0212925,
            21.1675223
          ],
          [
            79.0213837,
            21.1675523
          ],
          [
            79.0214988,
            21.1675693
          ],
          [
            79.0216305,
            21.1675823
          ],
          [
            79.0218153,
            21.1675643
          ],
          [
            79.0219923,
            21.1675093
          ],
          [
            79.0221425,
            21.1673592
          ],
          [
            79.0221854,
            21.1672491
          ],
          [
            79.0222659,
            21.1671841
          ],
          [
            79.0223839,
            21.1671291
          ],
          [
            79.0225717,
            21.167059
          ],
          [
            79.02273,
            21.166989
          ]
        ]
      },
      "properties": {
        "osm_id": 398499450,
        "name": "unnamed",
        "waterway_type": "stream",
        "intermittent": "no"
      }
    },
    {
      "type": "Feature",
      "geometry": {
        "type": "LineString",
        "coordinates": [
          [
            79.1488108,
            21.1475823
          ],
          [
            79.149126,
            21.1472749
          ],
          [
            79.1495037,
            21.1469717
          ],
          [
            79.1497141,
            21.1469137
          ],
          [
            79.1497619,
            21.1467532
          ],
          [
            79.1499197,
            21.1466818
          ],
          [
            79.1501349,
            21.1465659
          ],
          [
            79.1502401,
            21.1463964
          ],
          [
            79.1507087,
            21.1463162
          ],
          [
            79.150919,
            21.1462849
          ],
          [
            79.150919,
            21.1462047
          ],
          [
            79.1508473,
            21.1459639
          ],
          [
            79.1509238,
            21.1458301
          ],
          [
            79.151029,
            21.145781
          ],
          [
            79.1508043,
            21.1455268
          ],
          [
            79.1506465,
            21.14513
          ],
          [
            79.1504983,
            21.1447598
          ],
          [
            79.1504074,
            21.1446171
          ],
          [
            79.1499675,
            21.1445279
          ],
          [
            79.1495277,
            21.143917
          ],
          [
            79.1486909,
            21.1432258
          ],
          [
            79.1486486,
            21.1431759
          ],
          [
            79.1483658,
            21.1428779
          ],
          [
            79.1477012,
            21.1424899
          ],
          [
            79.1474765,
            21.1420128
          ],
          [
            79.1473187,
            21.1416025
          ],
          [
            79.1471226,
            21.1414955
          ],
          [
            79.146984,
            21.1411565
          ]
        ]
      },
      "properties": {
        "osm_id": 481076574,
        "name": "unnamed",
        "waterway_type": "stream",
        "intermittent": "yes"
      }
    },
    {
      "type": "Feature",
      "geometry": {
        "type": "LineString",
        "coordinates": [
          [
            79.0145519,
            21.161256
          ],
          [
            79.0147664,
            21.161146
          ]
        ]
      },
      "properties": {
        "osm_id": 640870130,
        "name": "Pivli Nadi",
        "waterway_type": "river",
        "intermittent": "no"
      }
    },
    {
      "type": "Feature",
      "geometry": {
        "type": "LineString",
        "coordinates": [
          [
            79.0125295,
            21.1608558
          ],
          [
            79.0125939,
            21.1608358
          ],
          [
            79.0127333,
            21.1608258
          ],
          [
            79.0128674,
            21.1608158
          ],
          [
            79.0130123,
            21.1608258
          ],
          [
            79.0130928,
            21.1608608
          ],
          [
            79.013302,
            21.1609008
          ],
          [
            79.0133771,
            21.1608858
          ],
          [
            79.0136024,
            21.1609209
          ],
          [
            79.0137418,
            21.1609809
          ],
          [
            79.0141495,
            21.1610509
          ],
          [
            79.0143051,
            21.161136
          ],
          [
            79.0144339,
            21.161221
          ],
          [
            79.0145519,
            21.161256
          ]
        ]
      },
      "properties": {
        "osm_id": 640870132,
        "name": "Pivli Nadi",
        "waterway_type": "river",
        "intermittent": "no"
      }
    },
    {
      "type": "Feature",
      "geometry": {
        "type": "LineString",
        "coordinates": [
          [
            79.1473746,
            21.1950304
          ],
          [
            79.1473988,
            21.1947328
          ],
          [
            79.147431,
            21.1944277
          ],
          [
            79.147447,
            21.1941827
          ],
          [
            79.1475168,
            21.1939801
          ],
          [
            79.1475275,
            21.1937225
          ],
          [
            79.1475168,
            21.1933174
          ],
          [
            79.1476268,
            21.1930598
          ],
          [
            79.1477662,
            21.1926997
          ],
          [
            79.1479915,
            21.1920445
          ],
          [
            79.1480318,
            21.1917794
          ],
          [
            79.14819,
            21.1914643
          ],
          [
            79.1484368,
            21.1910016
          ],
          [
            79.1485709,
            21.1906665
          ],
          [
            79.1487882,
            21.1902114
          ],
          [
            79.1488874,
            21.1901063
          ],
          [
            79.1490081,
            21.1900438
          ],
          [
            79.1491798,
            21.1900863
          ],
          [
            79.1493005,
            21.1900338
          ],
          [
            79.14933,
            21.1899638
          ],
          [
            79.1493165,
            21.1898812
          ],
          [
            79.1492468,
            21.1898387
          ],
          [
            79.1492844,
            21.1897687
          ],
          [
            79.1493943,
            21.1897587
          ],
          [
            79.1494185,
            21.1896837
          ],
          [
            79.1493192,
            21.1895811
          ],
          [
            79.1493434,
            21.1894336
          ],
          [
            79.1493943,
            21.1893461
          ],
          [
            79.1494265,
            21.189136
          ],
          [
            79.1495874,
            21.1888984
          ],
          [
            79.1497001,
            21.1886608
          ],
          [
            79.1500407,
            21.1885683
          ],
          [
            79.1504002,
            21.1885783
          ],
          [
            79.1506416,
            21.1883982
          ],
          [
            79.1510117,
            21.1882282
          ],
          [
            79.1511297,
            21.1879081
          ],
          [
            79.1511995,
            21.187678
          ],
          [
            79.1511834,
            21.1874779
          ],
          [
            79.1511458,
            21.1873779
          ],
          [
            79.1512906,
            21.1872678
          ],
          [
            79.151473,
            21.1870928
          ],
          [
            79.1515589,
            21.1869577
          ],
          [
            79.1514812,
            21.1868286
          ],
          [
            79.1514355,
            21.1867526
          ],
          [
            79.151355,
            21.1865276
          ],
          [
            79.1511887,
            21.1863075
          ],
          [
            79.1511404,
            21.1860824
          ],
          [
            79.1511565,
            21.1858973
          ],
          [
            79.1511995,
            21.1856973
          ],
          [
            79.1511565,
            21.1854922
          ],
          [
            79.1511244,
            21.1852271
          ],
          [
            79.1510761,
            21.185127
          ],
          [
            79.1508823,
            21.1851073
          ]
        ]
      },
      "properties": {
        "osm_id": 662378257,
        "name": "unnamed",
        "waterway_type": "stream",
        "intermittent": "no"
      }
    },
    {
      "type": "Feature",
      "geometry": {
        "type": "LineString",
        "coordinates": [
          [
            79.1356695,
            21.1940401
          ],
          [
            79.1357766,
            21.1938384
          ],
          [
            79.1358089,
            21.1937775
          ],
          [
            79.135884,
            21.1935925
          ],
          [
            79.1359082,
            21.1934274
          ],
          [
            79.1359001,
            21.1932224
          ],
          [
            79.1359752,
            21.1930323
          ],
          [
            79.1360906,
            21.1928422
          ],
          [
            79.1362381,
            21.1926722
          ],
          [
            79.1362864,
            21.1926297
          ],
          [
            79.1363427,
            21.1926897
          ],
          [
            79.1365761,
            21.1926172
          ],
          [
            79.1367906,
            21.1925246
          ],
          [
            79.1370025,
            21.1924871
          ],
          [
            79.1373566,
            21.1923746
          ],
          [
            79.1376999,
            21.1921845
          ],
          [
            79.1378769,
            21.1919719
          ],
          [
            79.1380003,
            21.1917469
          ],
          [
            79.13807,
            21.1915268
          ],
          [
            79.1380727,
            21.1913592
          ],
          [
            79.1381586,
            21.1911817
          ],
          [
            79.1383007,
            21.1911167
          ],
          [
            79.1385555,
            21.1911342
          ],
          [
            79.1388237,
            21.1912442
          ],
          [
            79.1390356,
            21.1913467
          ],
          [
            79.1391563,
            21.1913192
          ],
          [
            79.1392395,
            21.1912967
          ],
          [
            79.1393736,
            21.1913267
          ],
          [
            79.1395426,
            21.1912317
          ],
          [
            79.139674,
            21.1910992
          ],
          [
            79.1397974,
            21.1909291
          ],
          [
            79.1399422,
            21.1908266
          ],
          [
            79.1400978,
            21.190759
          ],
          [
            79.1402802,
            21.1907966
          ],
          [
            79.140484,
            21.1908716
          ],
          [
            79.1406316,
            21.1910516
          ],
          [
            79.1407737,
            21.1911817
          ],
          [
            79.1409588,
            21.1912642
          ],
          [
            79.1412136,
            21.1913117
          ],
          [
            79.1412885,
            21.1913002
          ],
          [
            79.1414738,
            21.1912717
          ],
          [
            79.1417903,
            21.1912767
          ],
          [
            79.1420773,
            21.1912967
          ],
          [
            79.1422677,
            21.1912717
          ],
          [
            79.1424152,
            21.1911217
          ],
          [
            79.1425037,
            21.1909391
          ],
          [
            79.1425467,
            21.1907365
          ],
          [
            79.1425896,
            21.190489
          ],
          [
            79.1427076,
            21.1903264
          ],
          [
            79.1429302,
            21.1901964
          ],
          [
            79.1431153,
            21.1900538
          ],
          [
            79.1432387,
            21.1898812
          ],
          [
            79.1434425,
            21.1897412
          ],
          [
            79.143641,
            21.1896112
          ],
          [
            79.1437778,
            21.1895611
          ],
          [
            79.1438368,
            21.1894536
          ],
          [
            79.1438287,
            21.189311
          ],
          [
            79.1438824,
            21.189236
          ],
          [
            79.1440728,
            21.189151
          ],
          [
            79.1443706,
            21.1891485
          ],
          [
            79.1445529,
            21.1891685
          ],
          [
            79.1448721,
            21.1894436
          ],
          [
            79.145135,
            21.1895511
          ],
          [
            79.1454515,
            21.1896011
          ],
          [
            79.1455276,
            21.1896011
          ],
          [
            79.1456982,
            21.1896011
          ],
          [
            79.1459477,
            21.1894761
          ],
          [
            79.1460711,
            21.1891535
          ],
          [
            79.1461623,
            21.1889509
          ],
          [
            79.1462588,
            21.1887108
          ],
          [
            79.1462588,
            21.1885058
          ],
          [
            79.1461784,
            21.1882207
          ],
          [
            79.1460523,
            21.1879081
          ],
          [
            79.1460443,
            21.187703
          ],
          [
            79.1460416,
            21.1875104
          ],
          [
            79.1461354,
            21.1873253
          ],
          [
            79.1462615,
            21.1872028
          ],
          [
            79.1463393,
            21.1870302
          ],
          [
            79.1463178,
            21.1868602
          ],
          [
            79.1462159,
            21.1868077
          ],
          [
            79.1458887,
            21.1867301
          ],
          [
            79.1458619,
            21.1865976
          ],
          [
            79.1458431,
            21.18646
          ],
          [
            79.1459101,
            21.1862675
          ],
          [
            79.1459477,
            21.1860949
          ],
          [
            79.146055,
            21.1859573
          ],
          [
            79.1463393,
            21.1857973
          ],
          [
            79.1466692,
            21.1857248
          ],
          [
            79.1469938,
            21.1856997
          ],
          [
            79.1472834,
            21.1857348
          ],
          [
            79.1474926,
            21.1858498
          ],
          [
            79.1476375,
            21.1860674
          ],
          [
            79.1479245,
            21.1861074
          ],
          [
            79.1481417,
            21.1859849
          ],
          [
            79.148241,
            21.1857848
          ],
          [
            79.1481766,
            21.1855147
          ],
          [
            79.1481525,
            21.1852246
          ],
          [
            79.1483723,
            21.1849424
          ],
          [
            79.1484502,
            21.1848894
          ],
          [
            79.1486889,
            21.1849095
          ],
          [
            79.1490054,
            21.1850245
          ],
          [
            79.1492709,
            21.1852221
          ],
          [
            79.1492951,
            21.1855472
          ],
          [
            79.1493246,
            21.1858048
          ],
          [
            79.1495633,
            21.1859698
          ],
          [
            79.1498074,
            21.1859949
          ],
          [
            79.1500676,
            21.1858398
          ],
          [
            79.1504458,
            21.1856072
          ],
          [
            79.1507193,
            21.1853871
          ],
          [
            79.150883,
            21.1851746
          ],
          [
            79.1508823,
            21.1851073
          ],
          [
            79.1508803,
            21.1848994
          ],
          [
            79.1509071,
            21.1847169
          ],
          [
            79.1512021,
            21.1845768
          ],
          [
            79.1518351,
            21.1843467
          ],
          [
            79.1519237,
            21.1842742
          ],
          [
            79.1519666,
            21.1839891
          ],
          [
            79.1519773,
            21.1838165
          ],
          [
            79.1524172,
            21.1835714
          ],
          [
            79.1526425,
            21.183649
          ],
          [
            79.1529268,
            21.183739
          ],
          [
            79.1531119,
            21.183654
          ],
          [
            79.1532755,
            21.1833439
          ],
          [
            79.1532916,
            21.1831363
          ],
          [
            79.1533935,
            21.1830112
          ],
          [
            79.1537663,
            21.1829362
          ],
          [
            79.1539353,
            21.1826211
          ],
          [
            79.1539984,
            21.1824665
          ],
          [
            79.1539702,
            21.1822809
          ],
          [
            79.1539246,
            21.1820133
          ],
          [
            79.1539702,
            21.1817757
          ],
          [
            79.1541526,
            21.1816182
          ],
          [
            79.154394,
            21.1815331
          ],
          [
            79.1545871,
            21.1815982
          ],
          [
            79.1548821,
            21.1817732
          ],
          [
            79.1550484,
            21.1821309
          ],
          [
            79.1553596,
            21.1821734
          ],
          [
            79.1556144,
            21.1820559
          ],
          [
            79.1557592,
            21.1818183
          ],
          [
            79.1558638,
            21.1815932
          ],
          [
            79.1559684,
            21.1813231
          ],
          [
            79.1560864,
            21.1812155
          ],
          [
            79.1563037,
            21.181158
          ],
          [
            79.1565612,
            21.181148
          ],
          [
            79.1566873,
            21.1810655
          ],
          [
            79.1566926,
            21.1807778
          ],
          [
            79.1565666,
            21.1805102
          ],
          [
            79.1565102,
            21.1801151
          ],
          [
            79.1566309,
            21.1797999
          ],
          [
            79.1566873,
            21.1794423
          ],
          [
            79.1568106,
            21.1791547
          ],
          [
            79.156934,
            21.1789246
          ],
          [
            79.156993,
            21.1786895
          ],
          [
            79.1569233,
            21.1785294
          ],
          [
            79.1567168,
            21.1784319
          ],
          [
            79.1563681,
            21.1783387
          ],
          [
            79.1561294,
            21.1784619
          ],
          [
            79.1559362,
            21.1785169
          ],
          [
            79.1556063,
            21.1784169
          ],
          [
            79.1554481,
            21.1783143
          ],
          [
            79.1552979,
            21.1783018
          ],
          [
            79.1550216,
            21.1781768
          ],
          [
            79.1549277,
            21.1780392
          ],
          [
            79.1548955,
            21.1778466
          ]
        ]
      },
      "properties": {
        "osm_id": 662378258,
        "name": "unnamed",
        "waterway_type": "stream",
        "intermittent": "no"
      }
    },
    {
      "type": "Feature",
      "geometry": {
        "type": "LineString",
        "coordinates": [
          [
            79.1358394,
            21.1940955
          ],
          [
            79.1358638,
            21.1941035
          ],
          [
            79.1363668,
            21.1941852
          ],
          [
            79.1366619,
            21.1942102
          ],
          [
            79.1370267,
            21.1941952
          ],
          [
            79.1371661,
            21.1942852
          ],
          [
            79.1369837,
            21.1948254
          ],
          [
            79.1370213,
            21.1952105
          ],
          [
            79.1370588,
            21.1954656
          ],
          [
            79.1369998,
            21.1956206
          ],
          [
            79.1369784,
            21.1960657
          ],
          [
            79.1367799,
            21.1962608
          ],
          [
            79.1365975,
            21.1963158
          ],
          [
            79.1365921,
            21.1964559
          ],
          [
            79.1367745,
            21.1965359
          ],
          [
            79.1369677,
            21.1967009
          ],
          [
            79.1373056,
            21.197016
          ],
          [
            79.1372842,
            21.1971561
          ],
          [
            79.1370159,
            21.1971611
          ],
          [
            79.1369355,
            21.1972961
          ],
          [
            79.1370052,
            21.1974461
          ],
          [
            79.1372091,
            21.1974161
          ],
          [
            79.1372681,
            21.1975012
          ],
          [
            79.1371447,
            21.1976762
          ],
          [
            79.1371715,
            21.1978813
          ],
          [
            79.1373056,
            21.1980313
          ],
          [
            79.1375256,
            21.1981764
          ],
          [
            79.1378045,
            21.1983514
          ],
          [
            79.1379601,
            21.1984614
          ],
          [
            79.1380352,
            21.1986815
          ],
          [
            79.1380405,
            21.1988766
          ],
          [
            79.1379762,
            21.1989616
          ],
          [
            79.1379587,
            21.1989858
          ]
        ]
      },
      "properties": {
        "osm_id": 662378259,
        "name": "unnamed",
        "waterway_type": "stream",
        "intermittent": "no"
      }
    },
    {
      "type": "Feature",
      "geometry": {
        "type": "LineString",
        "coordinates": [
          [
            79.1629302,
            21.1993946
          ],
          [
            79.1631728,
            21.1999269
          ],
          [
            79.1635537,
            21.2007921
          ],
          [
            79.1636985,
            21.2011722
          ],
          [
            79.1637093,
            21.2017023
          ],
          [
            79.1637468,
            21.2025776
          ],
          [
            79.1637415,
            21.2033227
          ],
          [
            79.1637897,
            21.204423
          ],
          [
            79.1637844,
            21.2046381
          ],
          [
            79.1638809,
            21.2049982
          ],
          [
            79.1641921,
            21.2057483
          ],
          [
            79.1645032,
            21.2065235
          ],
          [
            79.1651523,
            21.2069636
          ],
          [
            79.1659623,
            21.2075037
          ],
          [
            79.1666436,
            21.2076838
          ],
          [
            79.1679472,
            21.2079989
          ],
          [
            79.1686553,
            21.2081489
          ]
        ]
      },
      "properties": {
        "osm_id": 664452933,
        "name": "unnamed",
        "waterway_type": "canal",
        "intermittent": "no"
      }
    },
    {
      "type": "Feature",
      "geometry": {
        "type": "LineString",
        "coordinates": [
          [
            79.1795289,
            21.208604
          ],
          [
            79.1796416,
            21.208794
          ],
          [
            79.1796791,
            21.2090741
          ],
          [
            79.1796952,
            21.2092791
          ],
          [
            79.1796577,
            21.2093842
          ],
          [
            79.1798294,
            21.2098443
          ],
          [
            79.1811329,
            21.2096742
          ],
          [
            79.1814977,
            21.2095592
          ],
          [
            79.1819,
            21.2094642
          ],
          [
            79.182238,
            21.2094442
          ],
          [
            79.1826671,
            21.2095442
          ],
          [
            79.1832519,
            21.2095692
          ],
          [
            79.1835791,
            21.2095542
          ],
          [
            79.1839921,
            21.2095642
          ],
          [
            79.1843355,
            21.2096442
          ],
          [
            79.1845071,
            21.2097842
          ],
          [
            79.1846359,
            21.2100393
          ],
          [
            79.1847593,
            21.2102593
          ],
          [
            79.185183,
            21.2102393
          ],
          [
            79.1854459,
            21.2101493
          ],
          [
            79.1856176,
            21.2103744
          ],
          [
            79.1857409,
            21.2106894
          ],
          [
            79.1858911,
            21.2107544
          ],
          [
            79.1860628,
            21.2107744
          ],
          [
            79.1863418,
            21.2108945
          ],
          [
            79.1865778,
            21.2110095
          ],
          [
            79.186905,
            21.2112245
          ],
          [
            79.1870115,
            21.2113469
          ]
        ]
      },
      "properties": {
        "osm_id": 665106003,
        "name": "unnamed",
        "waterway_type": "stream",
        "intermittent": "no"
      }
    },
    {
      "type": "Feature",
      "geometry": {
        "type": "LineString",
        "coordinates": [
          [
            79.0688193,
            21.1369447
          ],
          [
            79.0691492,
            21.1369911
          ]
        ]
      },
      "properties": {
        "osm_id": 669536710,
        "name": "Naag",
        "waterway_type": "river",
        "intermittent": "no"
      }
    },
    {
      "type": "Feature",
      "geometry": {
        "type": "LineString",
        "coordinates": [
          [
            79.0609937,
            21.1350492
          ],
          [
            79.0619738,
            21.1352859
          ],
          [
            79.0629179,
            21.1355661
          ],
          [
            79.0644371,
            21.1359023
          ],
          [
            79.0646603,
            21.1360144
          ],
          [
            79.0648834,
            21.1360144
          ],
          [
            79.0650379,
            21.1361104
          ],
          [
            79.0659821,
            21.1363346
          ],
          [
            79.0664284,
            21.1363906
          ],
          [
            79.0670292,
            21.1365988
          ],
          [
            79.0673296,
            21.1366148
          ],
          [
            79.0679047,
            21.1367429
          ],
          [
            79.068055,
            21.1367635
          ],
          [
            79.0682937,
            21.1368123
          ],
          [
            79.0685673,
            21.1368911
          ],
          [
            79.0688193,
            21.1369447
          ]
        ]
      },
      "properties": {
        "osm_id": 669536711,
        "name": "Naag",
        "waterway_type": "river",
        "intermittent": "no"
      }
    },
    {
      "type": "Feature",
      "geometry": {
        "type": "LineString",
        "coordinates": [
          [
            79.02966,
            21.028049
          ],
          [
            79.0288875,
            21.027398
          ],
          [
            79.028276,
            21.0269374
          ],
          [
            79.027364,
            21.0264767
          ],
          [
            79.0265164,
            21.0260862
          ],
          [
            79.0260229,
            21.0256856
          ],
          [
            79.0253255,
            21.025285
          ],
          [
            79.0248857,
            21.024614
          ],
          [
            79.0242741,
            21.0236126
          ],
          [
            79.0241132,
            21.0230417
          ],
          [
            79.0240381,
            21.0220903
          ],
          [
            79.0238128,
            21.0213993
          ],
          [
            79.0231369,
            21.0203778
          ],
          [
            79.022697,
            21.0196167
          ],
          [
            79.0219216,
            21.019104
          ],
          [
            79.0214095,
            21.0187654
          ],
          [
            79.0206478,
            21.0183848
          ],
          [
            79.0201113,
            21.0180042
          ],
          [
            79.0196714,
            21.0177038
          ],
          [
            79.0192959,
            21.0170328
          ],
          [
            79.0184376,
            21.0169126
          ],
          [
            79.0178154,
            21.0165721
          ],
          [
            79.0173755,
            21.0161214
          ],
          [
            79.0170643,
            21.0156307
          ],
          [
            79.0167639,
            21.0154203
          ],
          [
            79.0164421,
            21.0153302
          ],
          [
            79.0160451,
            21.0153603
          ],
          [
            79.0155301,
            21.0156207
          ],
          [
            79.0146182,
            21.01521
          ],
          [
            79.0142105,
            21.0148895
          ],
          [
            79.0137277,
            21.0140883
          ],
          [
            79.0135238,
            21.0135375
          ],
          [
            79.013202,
            21.0128665
          ],
          [
            79.0130518,
            21.0123657
          ],
          [
            79.0125153,
            21.0114543
          ],
          [
            79.0120325,
            21.0108934
          ],
          [
            79.0115283,
            21.0103626
          ],
          [
            79.0109704,
            21.009962
          ],
          [
            79.0107451,
            21.0093911
          ],
          [
            79.0106056,
            21.0087701
          ],
          [
            79.0100155,
            21.0086199
          ],
          [
            79.0093288,
            21.0085197
          ],
          [
            79.0085135,
            21.0082593
          ],
          [
            79.0082345,
            21.0081792
          ]
        ]
      },
      "properties": {
        "osm_id": 717818936,
        "name": "unnamed",
        "waterway_type": "river",
        "intermittent": "no"
      }
    },
    {
      "type": "Feature",
      "geometry": {
        "type": "LineString",
        "coordinates": [
          [
            79.1718807,
            21.1924394
          ],
          [
            79.172088,
            21.1923013
          ]
        ]
      },
      "properties": {
        "osm_id": 724518187,
        "name": "unnamed",
        "waterway_type": "canal",
        "intermittent": "no"
      }
    },
    {
      "type": "Feature",
      "geometry": {
        "type": "LineString",
        "coordinates": [
          [
            79.1517848,
            21.2068552
          ],
          [
            79.1518795,
            21.2066664
          ],
          [
            79.1518458,
            21.2060797
          ],
          [
            79.1517335,
            21.2050006
          ],
          [
            79.1516997,
            21.2043929
          ],
          [
            79.1519807,
            21.2039739
          ],
          [
            79.1523178,
            21.2035548
          ],
          [
            79.1528909,
            21.2032719
          ],
          [
            79.1543406,
            21.2017004
          ],
          [
            79.155071,
            21.2013023
          ],
          [
            79.1563746,
            21.2009356
          ],
          [
            79.1591849,
            21.2002786
          ],
          [
            79.1601841,
            21.200045
          ],
          [
            79.1624653,
            21.1996364
          ],
          [
            79.1629302,
            21.1993946
          ],
          [
            79.1635329,
            21.1990812
          ],
          [
            79.1649937,
            21.1984316
          ],
          [
            79.1670614,
            21.197101
          ],
          [
            79.1677596,
            21.1960075
          ],
          [
            79.1683339,
            21.1952119
          ],
          [
            79.1700983,
            21.1938551
          ],
          [
            79.170978,
            21.1933349
          ],
          [
            79.1717076,
            21.1925547
          ],
          [
            79.1718807,
            21.1924394
          ]
        ]
      },
      "properties": {
        "osm_id": 724518188,
        "name": "unnamed",
        "waterway_type": "canal",
        "intermittent": "no"
      }
    },
    {
      "type": "Feature",
      "geometry": {
        "type": "LineString",
        "coordinates": [
          [
            79.1976896,
            21.1850554
          ],
          [
            79.1978439,
            21.1849717
          ]
        ]
      },
      "properties": {
        "osm_id": 730088987,
        "name": "unnamed",
        "waterway_type": "canal",
        "intermittent": "no"
      }
    },
    {
      "type": "Feature",
      "geometry": {
        "type": "LineString",
        "coordinates": [
          [
            79.172088,
            21.1923013
          ],
          [
            79.1723084,
            21.1921545
          ],
          [
            79.1728878,
            21.1921145
          ],
          [
            79.1738319,
            21.1924946
          ],
          [
            79.1748404,
            21.1929748
          ],
          [
            79.1753769,
            21.1929948
          ],
          [
            79.1781664,
            21.1917144
          ],
          [
            79.1814065,
            21.1902139
          ],
          [
            79.183166,
            21.1894136
          ],
          [
            79.1851616,
            21.1885133
          ],
          [
            79.1861701,
            21.1880131
          ],
          [
            79.1878223,
            21.1875129
          ],
          [
            79.1894746,
            21.1875529
          ],
          [
            79.1924143,
            21.187833
          ],
          [
            79.1937876,
            21.1871728
          ],
          [
            79.1976896,
            21.1850554
          ]
        ]
      },
      "properties": {
        "osm_id": 730088988,
        "name": "unnamed",
        "waterway_type": "canal",
        "intermittent": "no"
      }
    },
    {
      "type": "Feature",
      "geometry": {
        "type": "LineString",
        "coordinates": [
          [
            79.0363578,
            21.0892123
          ],
          [
            79.0363527,
            21.0891576
          ],
          [
            79.0363476,
            21.0890724
          ],
          [
            79.0363435,
            21.0890072
          ],
          [
            79.0363209,
            21.088921
          ],
          [
            79.0362931,
            21.0888769
          ],
          [
            79.0362367,
            21.0888309
          ],
          [
            79.0361853,
            21.0887935
          ],
          [
            79.0361155,
            21.0887686
          ],
          [
            79.0361144,
            21.0887341
          ],
          [
            79.0361083,
            21.0886967
          ],
          [
            79.0360857,
            21.0886689
          ],
          [
            79.0361001,
            21.088644
          ],
          [
            79.0361093,
            21.0886038
          ],
          [
            79.0361186,
            21.088553
          ],
          [
            79.0361227,
            21.0885089
          ],
          [
            79.0361134,
            21.0884648
          ],
          [
            79.0360877,
            21.088438
          ],
          [
            79.0360703,
            21.088415
          ],
          [
            79.0360128,
            21.088392
          ],
          [
            79.0359953,
            21.0883556
          ],
          [
            79.0360241,
            21.0882857
          ],
          [
            79.0360559,
            21.0882454
          ],
          [
            79.0360723,
            21.088209
          ],
          [
            79.0360847,
            21.0881601
          ],
          [
            79.0360949,
            21.0881141
          ],
          [
            79.036096,
            21.0880777
          ],
          [
            79.03606,
            21.0880471
          ],
          [
            79.0360395,
            21.0880164
          ],
          [
            79.0360066,
            21.0879953
          ],
          [
            79.0359789,
            21.0879656
          ],
          [
            79.0359594,
            21.0879225
          ],
          [
            79.0359491,
            21.0879024
          ],
          [
            79.0359491,
            21.0878698
          ],
          [
            79.0359039,
            21.0878487
          ],
          [
            79.0358741,
            21.0878334
          ],
          [
            79.0358536,
            21.0878123
          ],
          [
            79.0358464,
            21.087796
          ],
          [
            79.0358392,
            21.0877328
          ],
          [
            79.0358839,
            21.0876869
          ],
          [
            79.0358916,
            21.0876206
          ],
          [
            79.0358906,
            21.0875746
          ],
          [
            79.0358916,
            21.087544
          ],
          [
            79.0358916,
            21.0874961
          ],
          [
            79.0358731,
            21.0874434
          ],
          [
            79.0358731,
            21.0874089
          ],
          [
            79.0358844,
            21.087359
          ],
          [
            79.0359203,
            21.0873111
          ],
          [
            79.0359655,
            21.0872738
          ],
          [
            79.0359953,
            21.0872402
          ],
          [
            79.0360292,
            21.0872105
          ],
          [
            79.0360693,
            21.0871942
          ],
          [
            79.0361124,
            21.0871779
          ],
          [
            79.0361668,
            21.0871588
          ],
          [
            79.0362284,
            21.0871271
          ],
          [
            79.0362593,
            21.0871051
          ],
          [
            79.0362829,
            21.0870744
          ],
          [
            79.0363281,
            21.0870294
          ],
          [
            79.0363568,
            21.0869825
          ],
          [
            79.036365,
            21.0869326
          ],
          [
            79.0363712,
            21.0868885
          ],
          [
            79.0363733,
            21.0868445
          ],
          [
            79.0363753,
            21.0867985
          ],
          [
            79.0363784,
            21.0867333
          ],
          [
            79.0363835,
            21.0866624
          ],
          [
            79.0364421,
            21.0865024
          ],
          [
            79.0364667,
            21.0864449
          ],
          [
            79.0364595,
            21.086374
          ],
          [
            79.0364472,
            21.0863031
          ],
          [
            79.0364554,
            21.0862436
          ],
          [
            79.0364441,
            21.0861919
          ],
          [
            79.0364318,
            21.0861258
          ],
          [
            79.0364164,
            21.0860836
          ],
          [
            79.0364123,
            21.0860415
          ],
          [
            79.0364061,
            21.0859907
          ],
          [
            79.0364133,
            21.0859341
          ],
          [
            79.0364082,
            21.0858757
          ],
          [
            79.0364215,
            21.0858297
          ],
          [
            79.0364441,
            21.0857722
          ],
          [
            79.0364647,
            21.0857358
          ],
          [
            79.0364821,
            21.0857013
          ],
          [
            79.0364924,
            21.0856486
          ],
          [
            79.0365057,
            21.0856016
          ],
          [
            79.0365201,
            21.0855566
          ],
          [
            79.0365324,
            21.0855144
          ],
          [
            79.0365386,
            21.0854723
          ],
          [
            79.0365437,
            21.085431
          ],
          [
            79.0365376,
            21.0853831
          ],
          [
            79.0365407,
            21.0853506
          ],
          [
            79.0365591,
            21.0852902
          ],
          [
            79.0365766,
            21.0852241
          ],
          [
            79.0366125,
            21.0851704
          ],
          [
            79.0366341,
            21.0851148
          ],
          [
            79.0366413,
            21.085065
          ],
          [
            79.0366783,
            21.0850104
          ],
          [
            79.0367286,
            21.084974
          ],
          [
            79.0367841,
            21.084949
          ],
          [
            79.0368323,
            21.084951
          ],
          [
            79.0368703,
            21.0849538
          ],
          [
            79.0369104,
            21.0849529
          ],
          [
            79.0369587,
            21.08495
          ],
          [
            79.0370172,
            21.0849433
          ],
          [
            79.0370685,
            21.0849155
          ],
          [
            79.0371107,
            21.0848772
          ],
          [
            79.0371507,
            21.0848206
          ],
          [
            79.0371764,
            21.0847938
          ],
          [
            79.037201,
            21.0847516
          ],
          [
            79.0372134,
            21.0847191
          ],
          [
            79.0372401,
            21.0846376
          ],
          [
            79.0372431,
            21.0845897
          ],
          [
            79.0372719,
            21.0845542
          ],
          [
            79.0372924,
            21.0845092
          ],
          [
            79.0373253,
            21.0844651
          ],
          [
            79.0373612,
            21.0844153
          ],
          [
            79.0374064,
            21.084376
          ],
          [
            79.0374588,
            21.0843597
          ],
          [
            79.0374958,
            21.0843396
          ],
          [
            79.0375307,
            21.0843204
          ],
          [
            79.0375389,
            21.0842946
          ],
          [
            79.0375379,
            21.0842514
          ],
          [
            79.0374906,
            21.0842179
          ],
          [
            79.0374372,
            21.0841604
          ],
          [
            79.0374136,
            21.0841096
          ],
          [
            79.0374105,
            21.0840646
          ],
          [
            79.0374095,
            21.0840282
          ],
          [
            79.0374023,
            21.0839946
          ],
          [
            79.0374054,
            21.083964
          ],
          [
            79.0374301,
            21.083939
          ],
          [
            79.037504,
            21.083918
          ],
          [
            79.0375841,
            21.083895
          ],
          [
            79.037617,
            21.0838873
          ],
          [
            79.0376539,
            21.0838758
          ],
          [
            79.037695,
            21.0838538
          ],
          [
            79.0378121,
            21.0837943
          ],
          [
            79.0378429,
            21.0837752
          ],
          [
            79.0378624,
            21.0837273
          ],
          [
            79.0378532,
            21.0837004
          ],
          [
            79.037848,
            21.0836602
          ],
          [
            79.0378429,
            21.0836142
          ],
          [
            79.0378203,
            21.0835672
          ],
          [
            79.0378234,
            21.083504
          ],
          [
            79.0378624,
            21.0834647
          ],
          [
            79.0378963,
            21.083434
          ],
          [
            79.0380011,
            21.0833603
          ],
          [
            79.0380226,
            21.0833238
          ],
          [
            79.0380545,
            21.083319
          ],
          [
            79.0381079,
            21.08332
          ],
          [
            79.0381377,
            21.083319
          ],
          [
            79.0381459,
            21.083296
          ],
          [
            79.0381767,
            21.0832606
          ],
          [
            79.0382804,
            21.0832108
          ],
          [
            79.0383513,
            21.0831858
          ],
          [
            79.0384119,
            21.0831504
          ],
          [
            79.0384468,
            21.0831044
          ],
          [
            79.0384786,
            21.0830795
          ],
          [
            79.0385094,
            21.083044
          ],
          [
            79.0385587,
            21.0830229
          ],
          [
            79.0386306,
            21.082998
          ],
          [
            79.0386738,
            21.0829827
          ],
          [
            79.038757,
            21.0829674
          ],
          [
            79.0388268,
            21.0829472
          ],
          [
            79.038909,
            21.082929
          ],
          [
            79.0389531,
            21.0829147
          ],
          [
            79.0389973,
            21.0828974
          ],
          [
            79.0390568,
            21.0828725
          ],
          [
            79.0391164,
            21.0828418
          ],
          [
            79.0391565,
            21.0828322
          ],
          [
            79.0392314,
            21.0828322
          ],
          [
            79.0392859,
            21.082837
          ],
          [
            79.0393393,
            21.0828294
          ],
          [
            79.0394235,
            21.0828064
          ],
          [
            79.0395344,
            21.0827326
          ],
          [
            79.0395929,
            21.0827
          ],
          [
            79.0396577,
            21.0826674
          ],
          [
            79.0397809,
            21.0826099
          ],
          [
            79.0398497,
            21.0825764
          ],
          [
            79.0399144,
            21.0825563
          ],
          [
            79.0400007,
            21.082517
          ],
          [
            79.0400407,
            21.0824969
          ],
          [
            79.0400767,
            21.0824834
          ],
          [
            79.0401126,
            21.0824556
          ],
          [
            79.0401332,
            21.0824346
          ],
          [
            79.0401722,
            21.0824096
          ],
          [
            79.0402328,
            21.0823483
          ],
          [
            79.0402841,
            21.0823263
          ],
          [
            79.0403108,
            21.082309
          ],
          [
            79.0403796,
            21.0822784
          ],
          [
            79.0404228,
            21.0822659
          ],
          [
            79.0404505,
            21.0822525
          ],
          [
            79.0404895,
            21.0822381
          ],
          [
            79.0405234,
            21.0822209
          ],
          [
            79.0405512,
            21.0822132
          ],
          [
            79.0405789,
            21.082195
          ],
          [
            79.0406005,
            21.0821816
          ],
          [
            79.0406364,
            21.0821576
          ],
          [
            79.0406641,
            21.0821452
          ],
          [
            79.0406898,
            21.0821298
          ],
          [
            79.0407165,
            21.0821126
          ],
          [
            79.0407514,
            21.0820867
          ],
          [
            79.0407802,
            21.0820685
          ],
          [
            79.0408172,
            21.082035
          ],
          [
            79.0408346,
            21.0820081
          ],
          [
            79.0408644,
            21.0819823
          ],
          [
            79.0408962,
            21.0819621
          ],
          [
            79.0409312,
            21.0819401
          ],
          [
            79.0409589,
            21.0819171
          ],
          [
            79.0409856,
            21.0819046
          ],
          [
            79.0410072,
            21.0818855
          ],
          [
            79.0410328,
            21.0818615
          ],
          [
            79.0410452,
            21.0818414
          ],
          [
            79.0410575,
            21.0818251
          ],
          [
            79.0410801,
            21.0818002
          ],
          [
            79.0411191,
            21.0817101
          ],
          [
            79.0411355,
            21.0816823
          ],
          [
            79.0411499,
            21.0816612
          ],
          [
            79.0411396,
            21.0816325
          ],
          [
            79.041116,
            21.0816057
          ],
          [
            79.0410965,
            21.0815855
          ],
          [
            79.041079,
            21.0815635
          ],
          [
            79.0410739,
            21.081528
          ],
          [
            79.0410883,
            21.0815012
          ],
          [
            79.0410852,
            21.0814725
          ],
          [
            79.0410842,
            21.0814265
          ],
          [
            79.041116,
            21.0814159
          ],
          [
            79.0411283,
            21.0813996
          ],
          [
            79.0411242,
            21.0813565
          ],
          [
            79.0411355,
            21.0813297
          ],
          [
            79.041117,
            21.0813067
          ],
          [
            79.0410914,
            21.0812808
          ],
          [
            79.0410708,
            21.0812549
          ],
          [
            79.0410575,
            21.0812271
          ],
          [
            79.0410462,
            21.081185
          ],
          [
            79.0410462,
            21.0811514
          ],
          [
            79.0410564,
            21.08107
          ],
          [
            79.0410647,
            21.0810269
          ],
          [
            79.0410616,
            21.0809971
          ],
          [
            79.0410534,
            21.0809531
          ],
          [
            79.0410626,
            21.0808956
          ],
          [
            79.0410647,
            21.08084
          ],
          [
            79.0410965,
            21.0807748
          ],
          [
            79.0411376,
            21.0807231
          ],
          [
            79.0411848,
            21.080679
          ],
          [
            79.0412464,
            21.0806426
          ],
          [
            79.0412721,
            21.0806167
          ],
          [
            79.0413307,
            21.08061
          ],
          [
            79.0413707,
            21.0806263
          ],
          [
            79.0414169,
            21.0806397
          ],
          [
            79.0414898,
            21.0806685
          ],
          [
            79.041535,
            21.0806886
          ],
          [
            79.0415628,
            21.0806953
          ],
          [
            79.0416213,
            21.0807087
          ],
          [
            79.0416521,
            21.0807183
          ],
          [
            79.0416881,
            21.0807221
          ],
          [
            79.0417507,
            21.0807173
          ],
          [
            79.0417805,
            21.0807087
          ],
          [
            79.0417949,
            21.0807001
          ],
          [
            79.0418318,
            21.08068
          ],
          [
            79.0418555,
            21.0806129
          ],
          [
            79.0418719,
            21.0805841
          ],
          [
            79.0418965,
            21.0805621
          ],
          [
            79.0419161,
            21.0805448
          ],
          [
            79.0419376,
            21.0805314
          ],
          [
            79.0419612,
            21.0805161
          ],
          [
            79.0419869,
            21.0804979
          ],
          [
            79.0420208,
            21.0804768
          ],
          [
            79.0420403,
            21.0804548
          ],
          [
            79.0420794,
            21.080426
          ],
          [
            79.0420978,
            21.0803992
          ],
          [
            79.0421307,
            21.0803723
          ],
          [
            79.0421492,
            21.0803513
          ],
          [
            79.0421708,
            21.080335
          ],
          [
            79.0421769,
            21.0803072
          ],
          [
            79.0421882,
            21.0802775
          ],
          [
            79.0422077,
            21.080242
          ],
          [
            79.0422235,
            21.0802151
          ],
          [
            79.0422303,
            21.0801899
          ],
          [
            79.0422452,
            21.0801652
          ],
          [
            79.0422574,
            21.0801412
          ],
          [
            79.0422784,
            21.0801209
          ],
          [
            79.0423082,
            21.0800975
          ],
          [
            79.0423252,
            21.080083
          ],
          [
            79.0423482,
            21.0800672
          ],
          [
            79.0423773,
            21.0800508
          ],
          [
            79.0424112,
            21.0800419
          ],
          [
            79.0424417,
            21.0800362
          ],
          [
            79.0424756,
            21.08004
          ],
          [
            79.0425129,
            21.080047
          ],
          [
            79.0425454,
            21.0800546
          ],
          [
            79.0425799,
            21.0800628
          ],
          [
            79.0426091,
            21.0800628
          ],
          [
            79.0426518,
            21.0800621
          ],
          [
            79.0427026,
            21.0800539
          ],
          [
            79.0427385,
            21.0800571
          ],
          [
            79.0427724,
            21.0800438
          ],
          [
            79.0427988,
            21.0800286
          ],
          [
            79.0428171,
            21.080009
          ],
          [
            79.0428428,
            21.0799831
          ],
          [
            79.042876,
            21.0799648
          ],
          [
            79.0429059,
            21.0799591
          ],
          [
            79.0429452,
            21.0799521
          ],
          [
            79.0429804,
            21.0799332
          ],
          [
            79.042996,
            21.0799047
          ],
          [
            79.0430075,
            21.0798801
          ],
          [
            79.0430082,
            21.0798535
          ],
          [
            79.0430109,
            21.0798251
          ],
          [
            79.0430134,
            21.0797929
          ],
          [
            79.0430139,
            21.0797752
          ],
          [
            79.043016,
            21.079756
          ],
          [
            79.0430222,
            21.0797373
          ],
          [
            79.0430273,
            21.079722
          ],
          [
            79.0430329,
            21.0796947
          ],
          [
            79.0430412,
            21.0796741
          ],
          [
            79.0430668,
            21.0796329
          ],
          [
            79.0430817,
            21.0796204
          ],
          [
            79.0431095,
            21.079619
          ],
          [
            79.0431202,
            21.0796305
          ],
          [
            79.0431305,
            21.07964
          ],
          [
            79.0431439,
            21.0796578
          ],
          [
            79.0431644,
            21.0796659
          ],
          [
            79.0431844,
            21.0796669
          ],
          [
            79.0432204,
            21.0796683
          ],
          [
            79.0432455,
            21.0796726
          ],
          [
            79.0432686,
            21.0796765
          ],
          [
            79.0432998,
            21.07969
          ],
          [
            79.0433242,
            21.0797027
          ],
          [
            79.043354,
            21.079709
          ],
          [
            79.0433892,
            21.0797052
          ],
          [
            79.0434217,
            21.0796938
          ],
          [
            79.0434556,
            21.0796736
          ],
          [
            79.0434936,
            21.079647
          ],
          [
            79.0435437,
            21.079642
          ],
          [
            79.0435559,
            21.0796205
          ],
          [
            79.0435142,
            21.0795935
          ],
          [
            79.0434906,
            21.079582
          ],
          [
            79.0434731,
            21.0795629
          ],
          [
            79.0434772,
            21.079537
          ],
          [
            79.0434855,
            21.0795102
          ],
          [
            79.0435152,
            21.0794958
          ],
          [
            79.0435574,
            21.0794852
          ],
          [
            79.043581,
            21.079467
          ],
          [
            79.0435892,
            21.0794383
          ],
          [
            79.043581,
            21.0794115
          ],
          [
            79.0435491,
            21.0793808
          ],
          [
            79.0435091,
            21.0793473
          ],
          [
            79.0434803,
            21.0793262
          ],
          [
            79.0434629,
            21.0792888
          ],
          [
            79.0434577,
            21.0792495
          ],
          [
            79.0434711,
            21.0791949
          ],
          [
            79.0434629,
            21.0791383
          ],
          [
            79.0434701,
            21.0790933
          ],
          [
            79.0434752,
            21.0790483
          ],
          [
            79.0434814,
            21.079008
          ],
          [
            79.0434947,
            21.0789668
          ],
          [
            79.0435122,
            21.0789333
          ],
          [
            79.0435255,
            21.0788988
          ],
          [
            79.043583,
            21.0788537
          ],
          [
            79.0436015,
            21.0788077
          ],
          [
            79.0436066,
            21.0787675
          ],
          [
            79.0436056,
            21.0787263
          ],
          [
            79.0436046,
            21.0786899
          ],
          [
            79.0436046,
            21.0786477
          ],
          [
            79.0436046,
            21.0786142
          ],
          [
            79.0435943,
            21.0785758
          ],
          [
            79.0435604,
            21.0785442
          ],
          [
            79.0435296,
            21.0785241
          ],
          [
            79.0435009,
            21.0785116
          ],
          [
            79.0434731,
            21.0785078
          ],
          [
            79.0434536,
            21.0784972
          ],
          [
            79.0434536,
            21.0784551
          ],
          [
            79.0434557,
            21.0784215
          ],
          [
            79.0434659,
            21.0783794
          ],
          [
            79.0434577,
            21.0783353
          ],
          [
            79.0434321,
            21.0782816
          ],
          [
            79.0434557,
            21.0782193
          ],
          [
            79.0434598,
            21.078158
          ],
          [
            79.0434824,
            21.0781245
          ],
          [
            79.0435142,
            21.0780804
          ],
          [
            79.0435348,
            21.0780411
          ],
          [
            79.0435512,
            21.0780143
          ],
          [
            79.0435912,
            21.0779836
          ],
          [
            79.0436354,
            21.0779433
          ],
          [
            79.0436726,
            21.0778772
          ],
          [
            79.043695,
            21.0778379
          ],
          [
            79.0437494,
            21.0778149
          ],
          [
            79.0438203,
            21.0778034
          ],
          [
            79.0438819,
            21.0778006
          ],
          [
            79.0439579,
            21.0777929
          ],
          [
            79.0439908,
            21.0777632
          ],
          [
            79.0440339,
            21.077721
          ],
          [
            79.0440709,
            21.0776606
          ],
          [
            79.0440883,
            21.0776147
          ],
          [
            79.0441263,
            21.0775811
          ],
          [
            79.0441941,
            21.0775715
          ],
          [
            79.044342,
            21.0775572
          ],
          [
            79.0444858,
            21.0775667
          ],
          [
            79.0445967,
            21.0775543
          ],
          [
            79.0446891,
            21.0775533
          ],
          [
            79.0447661,
            21.0775533
          ],
          [
            79.0448617,
            21.0775476
          ],
          [
            79.0449346,
            21.0775409
          ],
          [
            79.0450054,
            21.0775274
          ],
          [
            79.0451133,
            21.0775313
          ],
          [
            79.0451441,
            21.0775313
          ],
          [
            79.0452427,
            21.0775236
          ],
          [
            79.0452726,
            21.0775553
          ],
          [
            79.045331,
            21.0775734
          ],
          [
            79.0453752,
            21.0775878
          ],
          [
            79.0454029,
            21.0775849
          ],
          [
            79.0454553,
            21.0775792
          ],
          [
            79.0455169,
            21.0775763
          ],
          [
            79.0455631,
            21.0775639
          ],
          [
            79.0456083,
            21.077561
          ],
          [
            79.0456412,
            21.0775744
          ],
          [
            79.0456812,
            21.077584
          ],
          [
            79.0457387,
            21.0775696
          ],
          [
            79.0458178,
            21.0775869
          ],
          [
            79.0458877,
            21.0775744
          ],
          [
            79.0460325,
            21.0775476
          ],
          [
            79.0461536,
            21.0775246
          ],
          [
            79.0462642,
            21.077497
          ],
          [
            79.0463878,
            21.0774671
          ],
          [
            79.0464638,
            21.0774862
          ],
          [
            79.0465614,
            21.0775514
          ],
          [
            79.0466066,
            21.0776108
          ],
          [
            79.0466261,
            21.0776836
          ],
          [
            79.0466425,
            21.0777728
          ],
          [
            79.0467113,
            21.0778993
          ],
          [
            79.0467483,
            21.0779759
          ],
          [
            79.0468469,
            21.0780698
          ],
          [
            79.0469599,
            21.0781523
          ],
          [
            79.0470266,
            21.078205
          ],
          [
            79.0470944,
            21.0782328
          ],
          [
            79.0471673,
            21.078273
          ],
          [
            79.04727,
            21.0783056
          ],
          [
            79.0473635,
            21.0783564
          ],
          [
            79.0474354,
            21.078433
          ],
          [
            79.047562,
            21.0784629
          ],
          [
            79.0477435,
            21.0784704
          ],
          [
            79.0478431,
            21.0784608
          ],
          [
            79.0479663,
            21.0784254
          ],
          [
            79.0480752,
            21.0783822
          ],
          [
            79.0481635,
            21.078343
          ],
          [
            79.0482672,
            21.0782778
          ],
          [
            79.0483556,
            21.0782136
          ],
          [
            79.048447,
            21.0781638
          ],
          [
            79.0485415,
            21.0781417
          ],
          [
            79.0486195,
            21.0781312
          ],
          [
            79.0487161,
            21.0781168
          ],
          [
            79.0487951,
            21.0781005
          ],
          [
            79.0489122,
            21.0780813
          ],
          [
            79.0490426,
            21.0780325
          ],
          [
            79.0491474,
            21.0779846
          ],
          [
            79.0492409,
            21.0779338
          ],
          [
            79.049323,
            21.077883
          ],
          [
            79.0494555,
            21.0777986
          ],
          [
            79.0495459,
            21.077721
          ],
          [
            79.0496188,
            21.0776616
          ],
          [
            79.0496804,
            21.0775811
          ],
          [
            79.0497585,
            21.0774901
          ],
          [
            79.0498334,
            21.0774441
          ],
          [
            79.04993,
            21.0774144
          ],
          [
            79.0500204,
            21.0773645
          ],
          [
            79.050081,
            21.0773157
          ],
          [
            79.0501734,
            21.077263
          ],
          [
            79.050235,
            21.0772189
          ],
          [
            79.0503192,
            21.0771556
          ],
          [
            79.0503737,
            21.0770847
          ],
          [
            79.0504076,
            21.0769946
          ],
          [
            79.0504394,
            21.0769352
          ],
          [
            79.0504794,
            21.0768595
          ],
          [
            79.0505185,
            21.0767742
          ],
          [
            79.0505637,
            21.0767043
          ],
          [
            79.0506273,
            21.0766381
          ],
          [
            79.0506684,
            21.0765778
          ],
          [
            79.0507434,
            21.0765068
          ],
          [
            79.0508317,
            21.0764206
          ],
          [
            79.0508779,
            21.0763506
          ],
          [
            79.0509385,
            21.0762673
          ],
          [
            79.0509981,
            21.0762059
          ],
          [
            79.0510689,
            21.0761053
          ],
          [
            79.0511111,
            21.0760517
          ],
          [
            79.0512086,
            21.0759539
          ],
          [
            79.0512692,
            21.0758542
          ],
          [
            79.0513206,
            21.0757776
          ],
          [
            79.0513966,
            21.0756827
          ],
          [
            79.0514171,
            21.0756099
          ],
          [
            79.0514387,
            21.0755265
          ],
          [
            79.0514633,
            21.0754374
          ],
          [
            79.051488,
            21.0753847
          ],
          [
            79.0515198,
            21.0753118
          ],
          [
            79.0515475,
            21.0752332
          ],
          [
            79.0515742,
            21.0751604
          ],
          [
            79.0516122,
            21.0751029
          ],
          [
            79.0516533,
            21.0750033
          ],
          [
            79.0517067,
            21.0748911
          ],
          [
            79.0517529,
            21.0747819
          ],
          [
            79.051794,
            21.0746765
          ],
          [
            79.0518074,
            21.074595
          ],
          [
            79.051793,
            21.0745174
          ],
          [
            79.051792,
            21.0744551
          ],
          [
            79.0518002,
            21.0743784
          ],
          [
            79.0517612,
            21.0742778
          ],
          [
            79.0516636,
            21.0742328
          ],
          [
            79.0515793,
            21.0741935
          ],
          [
            79.0515472,
            21.0734827
          ],
          [
            79.0518647,
            21.0730186
          ],
          [
            79.0521909,
            21.0725417
          ],
          [
            79.0529312,
            21.0718309
          ],
          [
            79.0532852,
            21.0713803
          ],
          [
            79.0540577,
            21.0712602
          ],
          [
            79.0554739,
            21.0714104
          ],
          [
            79.0560586,
            21.0711226
          ],
          [
            79.0565389,
            21.0710203
          ],
          [
            79.0567079,
            21.0710728
          ],
          [
            79.0569598,
            21.071005
          ],
          [
            79.0570083,
            21.0709502
          ],
          [
            79.0571183,
            21.0708551
          ],
          [
            79.05729,
            21.070785
          ],
          [
            79.0574265,
            21.0708172
          ],
          [
            79.0576172,
            21.0709777
          ],
          [
            79.0577055,
            21.0710149
          ],
          [
            79.0579015,
            21.0710078
          ],
          [
            79.0581955,
            21.0709023
          ]
        ]
      },
      "properties": {
        "osm_id": 743671480,
        "name": "unnamed",
        "waterway_type": "stream",
        "intermittent": "no"
      }
    },
    {
      "type": "Feature",
      "geometry": {
        "type": "LineString",
        "coordinates": [
          [
            79.0581955,
            21.0709023
          ],
          [
            79.0589822,
            21.0705894
          ],
          [
            79.0598298,
            21.0703392
          ]
        ]
      },
      "properties": {
        "osm_id": 743671483,
        "name": "unnamed",
        "waterway_type": "stream",
        "intermittent": "no"
      }
    },
    {
      "type": "Feature",
      "geometry": {
        "type": "LineString",
        "coordinates": [
          [
            79.0598298,
            21.0703392
          ],
          [
            79.0611602,
            21.0699887
          ],
          [
            79.0615572,
            21.0696984
          ],
          [
            79.0618576,
            21.069338
          ],
          [
            79.0621794,
            21.0685771
          ],
          [
            79.0623618,
            21.0683669
          ],
          [
            79.0627588,
            21.0682167
          ],
          [
            79.0638531,
            21.0677962
          ],
          [
            79.0654195,
            21.066755
          ],
          [
            79.0660955,
            21.065944
          ],
          [
            79.0668787,
            21.065914
          ],
          [
            79.0684558,
            21.0661543
          ],
          [
            79.071256,
            21.0661443
          ],
          [
            79.0716423,
            21.0662844
          ],
          [
            79.0725757,
            21.067656
          ],
          [
            79.0730263,
            21.0679264
          ],
          [
            79.0739597,
            21.0679163
          ],
          [
            79.0749789,
            21.0680865
          ],
          [
            79.076084,
            21.067636
          ],
          [
            79.0762656,
            21.0675428
          ],
          [
            79.0765132,
            21.0674158
          ],
          [
            79.0770496,
            21.0673156
          ],
          [
            79.078219,
            21.0679464
          ],
          [
            79.0787126,
            21.0679063
          ],
          [
            79.0795065,
            21.0674658
          ],
          [
            79.0799357,
            21.0670553
          ],
          [
            79.0804614,
            21.0668851
          ],
          [
            79.081545,
            21.0672055
          ],
          [
            79.0825106,
            21.0673457
          ],
          [
            79.0831758,
            21.0681867
          ],
          [
            79.0838839,
            21.068497
          ],
          [
            79.0849675,
            21.0688274
          ],
          [
            79.0855898,
            21.0691678
          ],
          [
            79.0858902,
            21.0700889
          ],
          [
            79.0855254,
            21.0708297
          ],
          [
            79.0850748,
            21.0714404
          ],
          [
            79.0849568,
            21.0722814
          ],
          [
            79.0852035,
            21.0727419
          ],
          [
            79.0857292,
            21.0730623
          ],
          [
            79.0869309,
            21.0732425
          ],
          [
            79.0877677,
            21.0731624
          ],
          [
            79.0886153,
            21.0725517
          ],
          [
            79.0895594,
            21.072852
          ],
          [
            79.0898813,
            21.0730923
          ],
          [
            79.0901924,
            21.073713
          ],
          [
            79.0914048,
            21.0742136
          ],
          [
            79.0926386,
            21.0754049
          ],
          [
            79.0934111,
            21.0758254
          ],
          [
            79.0951921,
            21.076426
          ],
          [
            79.0954608,
            21.0764688
          ],
          [
            79.0956319,
            21.0764961
          ],
          [
            79.0967692,
            21.0760356
          ],
          [
            79.0972305,
            21.0760957
          ],
          [
            79.0976597,
            21.0768365
          ],
          [
            79.097885,
            21.077297
          ],
          [
            79.0981719,
            21.0775734
          ]
        ]
      },
      "properties": {
        "osm_id": 743671484,
        "name": "unnamed",
        "waterway_type": "stream",
        "intermittent": "no"
      }
    },
    {
      "type": "Feature",
      "geometry": {
        "type": "LineString",
        "coordinates": [
          [
            79.0028844,
            21.1513796
          ],
          [
            79.0031419,
            21.1513521
          ],
          [
            79.0038905,
            21.1510097
          ],
          [
            79.0038402,
            21.1506219
          ],
          [
            79.0038508,
            21.1501837
          ],
          [
            79.0037655,
            21.1490385
          ],
          [
            79.0045839,
            21.1481316
          ],
          [
            79.0054887,
            21.1477553
          ],
          [
            79.0063584,
            21.1473907
          ],
          [
            79.0070873,
            21.1471663
          ],
          [
            79.007972,
            21.1471729
          ],
          [
            79.0087751,
            21.1471383
          ],
          [
            79.0103216,
            21.1467901
          ],
          [
            79.0117583,
            21.1457406
          ],
          [
            79.0122041,
            21.1451135
          ],
          [
            79.0129331,
            21.1445722
          ],
          [
            79.013202,
            21.1441894
          ],
          [
            79.0133979,
            21.1435467
          ],
          [
            79.0144759,
            21.1423676
          ],
          [
            79.0148156,
            21.1417273
          ],
          [
            79.0152332,
            21.1402355
          ],
          [
            79.0156407,
            21.1392504
          ],
          [
            79.0152019,
            21.1374153
          ],
          [
            79.0161734,
            21.135838
          ],
          [
            79.0172968,
            21.1329265
          ],
          [
            79.0186738,
            21.1298348
          ],
          [
            79.0204024,
            21.1274505
          ],
          [
            79.0233815,
            21.1269931
          ],
          [
            79.0335169,
            21.1263155
          ],
          [
            79.0386461,
            21.1268451
          ],
          [
            79.0416319,
            21.1250702
          ]
        ]
      },
      "properties": {
        "osm_id": 855296480,
        "name": "Naag River",
        "waterway_type": "stream",
        "intermittent": "no"
      }
    },
    {
      "type": "Feature",
      "geometry": {
        "type": "LineString",
        "coordinates": [
          [
            79.0027609,
            21.1513928
          ],
          [
            79.0028844,
            21.1513796
          ]
        ]
      },
      "properties": {
        "osm_id": 855296481,
        "name": "Naag River",
        "waterway_type": "stream",
        "intermittent": "no"
      }
    },
    {
      "type": "Feature",
      "geometry": {
        "type": "LineString",
        "coordinates": [
          [
            79.0493056,
            21.1297702
          ],
          [
            79.0494425,
            21.1298259
          ],
          [
            79.0495453,
            21.1298559
          ],
          [
            79.0500862,
            21.130002
          ],
          [
            79.0507557,
            21.12997
          ],
          [
            79.0514338,
            21.1298259
          ],
          [
            79.0534851,
            21.1295136
          ],
          [
            79.0545408,
            21.1301461
          ],
          [
            79.0553648,
            21.1308106
          ],
          [
            79.0560085,
            21.1312029
          ],
          [
            79.0566008,
            21.1314671
          ],
          [
            79.0574763,
            21.1335806
          ],
          [
            79.0576653,
            21.1336562
          ],
          [
            79.057927,
            21.1337776
          ],
          [
            79.0582487,
            21.1338849
          ],
          [
            79.0589249,
            21.1341871
          ],
          [
            79.0592332,
            21.1343342
          ],
          [
            79.0599976,
            21.1346382
          ],
          [
            79.06078,
            21.1349976
          ]
        ]
      },
      "properties": {
        "osm_id": 855296482,
        "name": "Nag River",
        "waterway_type": "river",
        "intermittent": "no"
      }
    },
    {
      "type": "Feature",
      "geometry": {
        "type": "LineString",
        "coordinates": [
          [
            79.0491943,
            21.129725
          ],
          [
            79.0493056,
            21.1297702
          ]
        ]
      },
      "properties": {
        "osm_id": 855296483,
        "name": "Nag River",
        "waterway_type": "river",
        "intermittent": "no"
      }
    },
    {
      "type": "Feature",
      "geometry": {
        "type": "LineString",
        "coordinates": [
          [
            79.02273,
            21.166989
          ],
          [
            79.0228507,
            21.1669615
          ]
        ]
      },
      "properties": {
        "osm_id": 876461800,
        "name": "unnamed",
        "waterway_type": "stream",
        "intermittent": "no"
      }
    },
    {
      "type": "Feature",
      "geometry": {
        "type": "LineString",
        "coordinates": [
          [
            79.0228507,
            21.1669615
          ],
          [
            79.023253,
            21.1668789
          ],
          [
            79.0233871,
            21.1668439
          ],
          [
            79.0235587,
            21.1667789
          ],
          [
            79.0237358,
            21.1667289
          ],
          [
            79.0246048,
            21.1664587
          ],
          [
            79.0250339,
            21.1664137
          ],
          [
            79.0251412,
            21.1663987
          ],
          [
            79.0252807,
            21.1663987
          ],
          [
            79.0253987,
            21.1663887
          ],
          [
            79.0255918,
            21.1664037
          ],
          [
            79.0262978,
            21.1665928
          ]
        ]
      },
      "properties": {
        "osm_id": 876461801,
        "name": "unnamed",
        "waterway_type": "stream",
        "intermittent": "no"
      }
    },
    {
      "type": "Feature",
      "geometry": {
        "type": "LineString",
        "coordinates": [
          [
            79.0143321,
            21.2039644
          ],
          [
            79.0145172,
            21.2040619
          ],
          [
            79.0146996,
            21.2040544
          ],
          [
            79.0148444,
            21.2040032
          ]
        ]
      },
      "properties": {
        "osm_id": 878541713,
        "name": "unnamed",
        "waterway_type": "stream",
        "intermittent": "yes"
      }
    },
    {
      "type": "Feature",
      "geometry": {
        "type": "LineString",
        "coordinates": [
          [
            79.0142087,
            21.2038069
          ],
          [
            79.0143321,
            21.2039644
          ]
        ]
      },
      "properties": {
        "osm_id": 878541714,
        "name": "unnamed",
        "waterway_type": "stream",
        "intermittent": "yes"
      }
    },
    {
      "type": "Feature",
      "geometry": {
        "type": "LineString",
        "coordinates": [
          [
            79.0148444,
            21.2040032
          ],
          [
            79.0149557,
            21.2039669
          ]
        ]
      },
      "properties": {
        "osm_id": 878541716,
        "name": "unnamed",
        "waterway_type": "stream",
        "intermittent": "yes"
      }
    },
    {
      "type": "Feature",
      "geometry": {
        "type": "LineString",
        "coordinates": [
          [
            79.0149557,
            21.2039669
          ],
          [
            79.0151394,
            21.2038994
          ],
          [
            79.0152319,
            21.2039443
          ],
          [
            79.015307,
            21.2040793
          ],
          [
            79.0154894,
            21.2043944
          ],
          [
            79.0156503,
            21.2047445
          ],
          [
            79.0158072,
            21.2049846
          ],
          [
            79.0159655,
            21.2051646
          ],
          [
            79.0162149,
            21.2053021
          ],
          [
            79.01651,
            21.2054697
          ],
          [
            79.0167567,
            21.2055572
          ],
          [
            79.0171349,
            21.2056547
          ],
          [
            79.0172985,
            21.2056347
          ],
          [
            79.0174541,
            21.2055822
          ],
          [
            79.0175829,
            21.2056072
          ],
          [
            79.0177116,
            21.2056347
          ],
          [
            79.0178216,
            21.2056722
          ],
          [
            79.0180952,
            21.2056522
          ],
          [
            79.0182802,
            21.2056322
          ],
          [
            79.018755,
            21.2055497
          ],
          [
            79.0191224,
            21.2054772
          ],
          [
            79.0194845,
            21.2054772
          ],
          [
            79.0198064,
            21.2053997
          ],
          [
            79.0200559,
            21.2053196
          ],
          [
            79.0202409,
            21.2052721
          ],
          [
            79.0204931,
            21.2052246
          ],
          [
            79.0209843,
            21.2051699
          ]
        ]
      },
      "properties": {
        "osm_id": 878541717,
        "name": "unnamed",
        "waterway_type": "stream",
        "intermittent": "yes"
      }
    },
    {
      "type": "Feature",
      "geometry": {
        "type": "LineString",
        "coordinates": [
          [
            79.0279191,
            21.1666127
          ],
          [
            79.0280997,
            21.166571
          ]
        ]
      },
      "properties": {
        "osm_id": 879120531,
        "name": "unnamed",
        "waterway_type": "stream",
        "intermittent": "no"
      }
    },
    {
      "type": "Feature",
      "geometry": {
        "type": "LineString",
        "coordinates": [
          [
            79.0278464,
            21.1666255
          ],
          [
            79.0279191,
            21.1666127
          ]
        ]
      },
      "properties": {
        "osm_id": 879120532,
        "name": "unnamed",
        "waterway_type": "stream",
        "intermittent": "no"
      }
    },
    {
      "type": "Feature",
      "geometry": {
        "type": "LineString",
        "coordinates": [
          [
            79.0270495,
            21.166781
          ],
          [
            79.0271201,
            21.1667847
          ]
        ]
      },
      "properties": {
        "osm_id": 879120533,
        "name": "unnamed",
        "waterway_type": "stream",
        "intermittent": "no"
      }
    },
    {
      "type": "Feature",
      "geometry": {
        "type": "LineString",
        "coordinates": [
          [
            79.0263682,
            21.1666142
          ],
          [
            79.0267988,
            21.1667389
          ],
          [
            79.0270495,
            21.166781
          ]
        ]
      },
      "properties": {
        "osm_id": 879120534,
        "name": "unnamed",
        "waterway_type": "stream",
        "intermittent": "no"
      }
    },
    {
      "type": "Feature",
      "geometry": {
        "type": "LineString",
        "coordinates": [
          [
            79.0262978,
            21.1665928
          ],
          [
            79.0263682,
            21.1666142
          ]
        ]
      },
      "properties": {
        "osm_id": 879120535,
        "name": "unnamed",
        "waterway_type": "stream",
        "intermittent": "no"
      }
    },
    {
      "type": "Feature",
      "geometry": {
        "type": "LineString",
        "coordinates": [
          [
            79.0271201,
            21.1667847
          ],
          [
            79.0278464,
            21.1666255
          ]
        ]
      },
      "properties": {
        "osm_id": 879120536,
        "name": "unnamed",
        "waterway_type": "stream",
        "intermittent": "no"
      }
    },
    {
      "type": "Feature",
      "geometry": {
        "type": "LineString",
        "coordinates": [
          [
            79.0927443,
            21.2498496
          ],
          [
            79.0927351,
            21.2499291
          ],
          [
            79.0930525,
            21.2500751
          ],
          [
            79.0934247,
            21.2501971
          ],
          [
            79.0935212,
            21.2508721
          ],
          [
            79.0935481,
            21.2511421
          ],
          [
            79.0936285,
            21.251807
          ],
          [
            79.0935313,
            21.2521973
          ],
          [
            79.0935409,
            21.2523205
          ]
        ]
      },
      "properties": {
        "osm_id": 880591823,
        "name": "unnamed",
        "waterway_type": "river",
        "intermittent": "no"
      }
    },
    {
      "type": "Feature",
      "geometry": {
        "type": "LineString",
        "coordinates": [
          [
            79.1179454,
            21.2214612
          ],
          [
            79.1188466,
            21.2217513
          ],
          [
            79.1205525,
            21.2222913
          ],
          [
            79.1211695,
            21.2225001
          ],
          [
            79.1213974,
            21.2224776
          ],
          [
            79.1216254,
            21.2223113
          ],
          [
            79.1219365,
            21.2216712
          ],
          [
            79.1222477,
            21.2213212
          ],
          [
            79.122877,
            21.221281
          ],
          [
            79.1237712,
            21.2211512
          ],
          [
            79.1244256,
            21.2209712
          ],
          [
            79.1249943,
            21.2206011
          ],
          [
            79.1255093,
            21.2204311
          ],
          [
            79.126271,
            21.2206911
          ],
          [
            79.1269469,
            21.2208711
          ],
          [
            79.127655,
            21.2209812
          ],
          [
            79.1282451,
            21.2209011
          ],
          [
            79.1286421,
            21.2205011
          ],
          [
            79.129082,
            21.219831
          ],
          [
            79.1293824,
            21.219701
          ],
          [
            79.1302407,
            21.219581
          ],
          [
            79.1306269,
            21.2194209
          ],
          [
            79.1307664,
            21.2192309
          ],
          [
            79.1307235,
            21.2188008
          ],
          [
            79.1306698,
            21.2184508
          ],
          [
            79.1307878,
            21.2181508
          ],
          [
            79.1311526,
            21.2180107
          ],
          [
            79.131614,
            21.2179007
          ],
          [
            79.132204,
            21.2182408
          ],
          [
            79.1332018,
            21.2184308
          ],
          [
            79.1340816,
            21.2184108
          ],
          [
            79.1347146,
            21.2183008
          ],
          [
            79.1351867,
            21.2180807
          ],
          [
            79.1355514,
            21.2175207
          ],
          [
            79.1360879,
            21.2171806
          ],
          [
            79.1367745,
            21.2170706
          ],
          [
            79.1372466,
            21.2172006
          ],
          [
            79.1375651,
            21.2172599
          ],
          [
            79.138416,
            21.2174206
          ],
          [
            79.1392636,
            21.2173706
          ],
          [
            79.1405511,
            21.2175907
          ],
          [
            79.1415274,
            21.2184408
          ],
          [
            79.1424823,
            21.2191309
          ],
          [
            79.1434049,
            21.219581
          ],
          [
            79.1441131,
            21.219531
          ],
          [
            79.1446924,
            21.2192109
          ],
          [
            79.1455507,
            21.2190009
          ],
          [
            79.1463017,
            21.2192909
          ],
          [
            79.1469777,
            21.219631
          ],
          [
            79.1477501,
            21.219531
          ],
          [
            79.1484475,
            21.2190209
          ],
          [
            79.1488337,
            21.2188809
          ],
          [
            79.1494882,
            21.2190509
          ],
          [
            79.150604,
            21.219621
          ],
          [
            79.1515374,
            21.219761
          ],
          [
            79.1526317,
            21.2193909
          ],
          [
            79.1541231,
            21.2189609
          ],
          [
            79.1549599,
            21.2186908
          ],
          [
            79.1556036,
            21.2185608
          ],
          [
            79.1560328,
            21.2188008
          ],
          [
            79.156816,
            21.2188909
          ],
          [
            79.1577387,
            21.2189709
          ],
          [
            79.1583609,
            21.2193509
          ],
          [
            79.1588652,
            21.219691
          ],
          [
            79.1590691,
            21.219671
          ],
          [
            79.1595304,
            21.219961
          ],
          [
            79.1598952,
            21.219741
          ],
          [
            79.1602278,
            21.2192609
          ],
          [
            79.1605067,
            21.2187308
          ],
          [
            79.1610002,
            21.2180707
          ],
          [
            79.1616011,
            21.2180507
          ],
          [
            79.1623306,
            21.2182808
          ],
          [
            79.1629958,
            21.2182608
          ],
          [
            79.1637683,
            21.2179407
          ],
          [
            79.1642082,
            21.2177907
          ],
          [
            79.1646777,
            21.2176106
          ]
        ]
      },
      "properties": {
        "osm_id": 949007783,
        "name": "unnamed",
        "waterway_type": "stream",
        "intermittent": "no"
      }
    },
    {
      "type": "Feature",
      "geometry": {
        "type": "LineString",
        "coordinates": [
          [
            79.1975259,
            21.1336238
          ],
          [
            79.1972923,
            21.1335146
          ],
          [
            79.1966385,
            21.1334187
          ],
          [
            79.1958306,
            21.1334057
          ],
          [
            79.1954897,
            21.1333142
          ],
          [
            79.1946491,
            21.1332924
          ],
          [
            79.1939719,
            21.1327392
          ],
          [
            79.193603,
            21.1324343
          ],
          [
            79.1929305,
            21.1321729
          ],
          [
            79.1921973,
            21.1320597
          ],
          [
            79.1914688,
            21.1319334
          ],
          [
            79.1909971,
            21.1319464
          ],
          [
            79.190334,
            21.1322121
          ],
          [
            79.1896335,
            21.1323733
          ],
          [
            79.1890778,
            21.1322905
          ],
          [
            79.1888419,
            21.1321658
          ],
          [
            79.1886575,
            21.1320684
          ],
          [
            79.1877447,
            21.1320762
          ],
          [
            79.1870977,
            21.131868
          ],
          [
            79.1868455,
            21.1319203
          ],
          [
            79.1862337,
            21.1318027
          ],
          [
            79.1859483,
            21.1316697
          ]
        ]
      },
      "properties": {
        "osm_id": 968368691,
        "name": "unnamed",
        "waterway_type": "stream",
        "intermittent": "no"
      }
    },
    {
      "type": "Feature",
      "geometry": {
        "type": "LineString",
        "coordinates": [
          [
            79.1853313,
            21.1315893
          ],
          [
            79.1850029,
            21.1314131
          ],
          [
            79.1846086,
            21.1313017
          ],
          [
            79.1836232,
            21.1310927
          ],
          [
            79.1827312,
            21.1309576
          ],
          [
            79.1819093,
            21.1308661
          ],
          [
            79.1813816,
            21.1308357
          ],
          [
            79.1811509,
            21.1308826
          ]
        ]
      },
      "properties": {
        "osm_id": 968368693,
        "name": "unnamed",
        "waterway_type": "stream",
        "intermittent": "no"
      }
    },
    {
      "type": "Feature",
      "geometry": {
        "type": "LineString",
        "coordinates": [
          [
            79.1859483,
            21.1316697
          ],
          [
            79.1853313,
            21.1315893
          ]
        ]
      },
      "properties": {
        "osm_id": 968368694,
        "name": "unnamed",
        "waterway_type": "stream",
        "intermittent": "no"
      }
    },
    {
      "type": "Feature",
      "geometry": {
        "type": "LineString",
        "coordinates": [
          [
            79.1991797,
            21.1340711
          ],
          [
            79.1990098,
            21.1341008
          ],
          [
            79.1988788,
            21.1339952
          ],
          [
            79.1986452,
            21.1339919
          ],
          [
            79.1984223,
            21.1338433
          ],
          [
            79.1980436,
            21.1337443
          ],
          [
            79.1977286,
            21.1337707
          ],
          [
            79.1975259,
            21.1336238
          ]
        ]
      },
      "properties": {
        "osm_id": 968368695,
        "name": "unnamed",
        "waterway_type": "stream",
        "intermittent": "no"
      }
    },
    {
      "type": "Feature",
      "geometry": {
        "type": "LineString",
        "coordinates": [
          [
            79.1707546,
            21.1106856
          ],
          [
            79.1704465,
            21.1103694
          ],
          [
            79.1701199,
            21.1100877
          ],
          [
            79.170009,
            21.1097313
          ],
          [
            79.1700645,
            21.1094324
          ],
          [
            79.1701507,
            21.1093174
          ],
          [
            79.1702801,
            21.1091737
          ],
          [
            79.1706334,
            21.1090263
          ],
          [
            79.1710443,
            21.108669
          ],
          [
            79.1707922,
            21.1078325
          ],
          [
            79.1705213,
            21.1070919
          ]
        ]
      },
      "properties": {
        "osm_id": 968368704,
        "name": "unnamed",
        "waterway_type": "stream",
        "intermittent": "no"
      }
    },
    {
      "type": "Feature",
      "geometry": {
        "type": "LineString",
        "coordinates": [
          [
            79.172234,
            21.1017903
          ],
          [
            79.1722813,
            21.1016942
          ],
          [
            79.1720265,
            21.1012451
          ],
          [
            79.1721398,
            21.1008489
          ],
          [
            79.1725432,
            21.1001819
          ],
          [
            79.1734705,
            21.0997593
          ],
          [
            79.1742491,
            21.0994819
          ],
          [
            79.1747375,
            21.0990725
          ],
          [
            79.1757497,
            21.0981875
          ],
          [
            79.176224,
            21.0975932
          ],
          [
            79.1760753,
            21.0970913
          ],
          [
            79.1761744,
            21.0966224
          ],
          [
            79.1764406,
            21.096077
          ]
        ]
      },
      "properties": {
        "osm_id": 968368705,
        "name": "unnamed",
        "waterway_type": "stream",
        "intermittent": "no"
      }
    },
    {
      "type": "Feature",
      "geometry": {
        "type": "LineString",
        "coordinates": [
          [
            79.1705213,
            21.1070919
          ],
          [
            79.1704409,
            21.1068648
          ],
          [
            79.170264,
            21.1064025
          ],
          [
            79.1697543,
            21.1057092
          ],
          [
            79.169634,
            21.1050422
          ],
          [
            79.170087,
            21.1047715
          ],
          [
            79.1704976,
            21.1047054
          ],
          [
            79.1706745,
            21.10423
          ],
          [
            79.1706887,
            21.1034904
          ],
          [
            79.1707312,
            21.1028234
          ],
          [
            79.1710214,
            21.1025725
          ],
          [
            79.1715876,
            21.1023017
          ],
          [
            79.1720548,
            21.1021762
          ],
          [
            79.1721452,
            21.1019839
          ]
        ]
      },
      "properties": {
        "osm_id": 968368706,
        "name": "unnamed",
        "waterway_type": "stream",
        "intermittent": "no"
      }
    },
    {
      "type": "Feature",
      "geometry": {
        "type": "LineString",
        "coordinates": [
          [
            79.1721452,
            21.1019839
          ],
          [
            79.172234,
            21.1017903
          ]
        ]
      },
      "properties": {
        "osm_id": 968368707,
        "name": "unnamed",
        "waterway_type": "stream",
        "intermittent": "no"
      }
    },
    {
      "type": "Feature",
      "geometry": {
        "type": "LineString",
        "coordinates": [
          [
            79.1706356,
            21.1135456
          ],
          [
            79.1706101,
            21.1136141
          ],
          [
            79.1706223,
            21.1139251
          ],
          [
            79.1707687,
            21.1141564
          ],
          [
            79.171037,
            21.114384
          ],
          [
            79.1712281,
            21.1146457
          ],
          [
            79.1712891,
            21.1149529
          ],
          [
            79.1710167,
            21.1151918
          ],
          [
            79.1708622,
            21.1152525
          ],
          [
            79.1703621,
            21.1154004
          ],
          [
            79.1698621,
            21.1155293
          ],
          [
            79.1697401,
            21.1156924
          ],
          [
            79.1698255,
            21.1160868
          ],
          [
            79.1699719,
            21.1165723
          ],
          [
            79.1700247,
            21.1169136
          ],
          [
            79.1699068,
            21.1170767
          ],
          [
            79.1695856,
            21.1172132
          ],
          [
            79.1693173,
            21.1174749
          ],
          [
            79.1690449,
            21.117892
          ],
          [
            79.1688173,
            21.1182409
          ],
          [
            79.1686506,
            21.1185481
          ],
          [
            79.1679879,
            21.1190487
          ],
          [
            79.1676871,
            21.1193711
          ],
          [
            79.1673252,
            21.1197124
          ],
          [
            79.1668252,
            21.1199513
          ],
          [
            79.1664308,
            21.1200385
          ],
          [
            79.166195,
            21.1198527
          ],
          [
            79.1657682,
            21.1198262
          ],
          [
            79.1652071,
            21.120012
          ],
          [
            79.1649347,
            21.1203002
          ],
          [
            79.1648128,
            21.1205126
          ],
          [
            79.1648981,
            21.1207136
          ],
          [
            79.165073,
            21.1210928
          ],
          [
            79.1651055,
            21.121309
          ],
          [
            79.1649917,
            21.1214834
          ],
          [
            79.1643087,
            21.1217375
          ],
          [
            79.163898,
            21.121692
          ],
          [
            79.163646,
            21.1215631
          ],
          [
            79.1634834,
            21.1216389
          ],
          [
            79.1635484,
            21.1218513
          ],
          [
            79.1633858,
            21.1220712
          ],
          [
            79.1636094,
            21.1222419
          ],
          [
            79.1640607,
            21.1226325
          ],
          [
            79.1640607,
            21.1228487
          ],
          [
            79.1636175,
            21.1230459
          ],
          [
            79.1634427,
            21.123099
          ],
          [
            79.1633004,
            21.1234441
          ],
          [
            79.1633899,
            21.123554
          ],
          [
            79.1634468,
            21.1236602
          ],
          [
            79.1634915,
            21.1241456
          ],
          [
            79.1634671,
            21.1243315
          ],
          [
            79.1634944,
            21.1244384
          ]
        ]
      },
      "properties": {
        "osm_id": 968368708,
        "name": "unnamed",
        "waterway_type": "stream",
        "intermittent": "no"
      }
    },
    {
      "type": "Feature",
      "geometry": {
        "type": "LineString",
        "coordinates": [
          [
            79.163522,
            21.1245466
          ],
          [
            79.1635484,
            21.12465
          ],
          [
            79.163337,
            21.1249306
          ],
          [
            79.1631337,
            21.1252113
          ],
          [
            79.1631175,
            21.1253402
          ],
          [
            79.1630606,
            21.1253933
          ]
        ]
      },
      "properties": {
        "osm_id": 968368709,
        "name": "unnamed",
        "waterway_type": "stream",
        "intermittent": "no"
      }
    },
    {
      "type": "Feature",
      "geometry": {
        "type": "LineString",
        "coordinates": [
          [
            79.1634944,
            21.1244384
          ],
          [
            79.163522,
            21.1245466
          ]
        ]
      },
      "properties": {
        "osm_id": 968368710,
        "name": "unnamed",
        "waterway_type": "stream",
        "intermittent": "no"
      }
    },
    {
      "type": "Feature",
      "geometry": {
        "type": "LineString",
        "coordinates": [
          [
            79.1707546,
            21.1106856
          ],
          [
            79.1708337,
            21.1108797
          ],
          [
            79.1706914,
            21.1111376
          ],
          [
            79.1703621,
            21.1113234
          ],
          [
            79.1699719,
            21.1116003
          ],
          [
            79.1699393,
            21.1117823
          ],
          [
            79.1700206,
            21.1120099
          ],
          [
            79.170232,
            21.1120402
          ],
          [
            79.1704963,
            21.1119643
          ],
          [
            79.170789,
            21.1118923
          ],
          [
            79.1710004,
            21.1119909
          ],
          [
            79.171163,
            21.1121957
          ],
          [
            79.1710858,
            21.1125105
          ],
          [
            79.1709638,
            21.112776
          ],
          [
            79.170728,
            21.1131476
          ],
          [
            79.1706142,
            21.1133145
          ],
          [
            79.1706132,
            21.1133886
          ]
        ]
      },
      "properties": {
        "osm_id": 968368711,
        "name": "unnamed",
        "waterway_type": "stream",
        "intermittent": "no"
      }
    },
    {
      "type": "Feature",
      "geometry": {
        "type": "LineString",
        "coordinates": [
          [
            79.1706132,
            21.1133886
          ],
          [
            79.1706356,
            21.1135456
          ]
        ]
      },
      "properties": {
        "osm_id": 968368712,
        "name": "unnamed",
        "waterway_type": "stream",
        "intermittent": "no"
      }
    },
    {
      "type": "Feature",
      "geometry": {
        "type": "LineString",
        "coordinates": [
          [
            79.1260083,
            21.1767495
          ],
          [
            79.1264345,
            21.1768536
          ],
          [
            79.1266748,
            21.1770056
          ],
          [
            79.1270439,
            21.1777099
          ],
          [
            79.1277735,
            21.1781261
          ],
          [
            79.1281683,
            21.1784382
          ],
          [
            79.1285459,
            21.1785503
          ],
          [
            79.1288721,
            21.1784703
          ],
          [
            79.1293957,
            21.1781501
          ],
          [
            79.1296446,
            21.17775
          ],
          [
            79.1299364,
            21.1776299
          ],
          [
            79.1300394,
            21.1771497
          ],
          [
            79.1303226,
            21.1769256
          ],
          [
            79.1304943,
            21.1769176
          ],
          [
            79.1307775,
            21.1770296
          ],
          [
            79.1311638,
            21.1775579
          ],
          [
            79.1313097,
            21.177862
          ],
          [
            79.131859,
            21.1782382
          ],
          [
            79.1321165,
            21.1785743
          ],
          [
            79.1323578,
            21.1791484
          ],
          [
            79.1327345,
            21.1795107
          ],
          [
            79.1329514,
            21.1799378
          ]
        ]
      },
      "properties": {
        "osm_id": 1012937961,
        "name": "unnamed",
        "waterway_type": "drain",
        "intermittent": "no"
      }
    },
    {
      "type": "Feature",
      "geometry": {
        "type": "LineString",
        "coordinates": [
          [
            79.1169136,
            21.1751743
          ],
          [
            79.1172056,
            21.1751488
          ]
        ]
      },
      "properties": {
        "osm_id": 1012937962,
        "name": "unnamed",
        "waterway_type": "drain",
        "intermittent": "no"
      }
    },
    {
      "type": "Feature",
      "geometry": {
        "type": "LineString",
        "coordinates": [
          [
            79.1172056,
            21.1751488
          ],
          [
            79.117551,
            21.1751248
          ],
          [
            79.1193277,
            21.1748127
          ],
          [
            79.1203834,
            21.1747246
          ],
          [
            79.1211817,
            21.1749647
          ],
          [
            79.1217825,
            21.1751328
          ],
          [
            79.1230442,
            21.175637
          ],
          [
            79.1237566,
            21.1760212
          ],
          [
            79.12416,
            21.1760692
          ],
          [
            79.1254389,
            21.1766135
          ],
          [
            79.1256617,
            21.1766721
          ]
        ]
      },
      "properties": {
        "osm_id": 1012943513,
        "name": "unnamed",
        "waterway_type": "drain",
        "intermittent": "no"
      }
    },
    {
      "type": "Feature",
      "geometry": {
        "type": "LineString",
        "coordinates": [
          [
            79.1256617,
            21.1766721
          ],
          [
            79.1260083,
            21.1767495
          ]
        ]
      },
      "properties": {
        "osm_id": 1012943514,
        "name": "unnamed",
        "waterway_type": "drain",
        "intermittent": "no"
      }
    },
    {
      "type": "Feature",
      "geometry": {
        "type": "LineString",
        "coordinates": [
          [
            79.1433817,
            21.1605003
          ],
          [
            79.1435248,
            21.1605153
          ],
          [
            79.1439667,
            21.1606049
          ]
        ]
      },
      "properties": {
        "osm_id": 1120259214,
        "name": "unnamed",
        "waterway_type": "drain",
        "intermittent": "no"
      }
    },
    {
      "type": "Feature",
      "geometry": {
        "type": "LineString",
        "coordinates": [
          [
            79.1443589,
            21.1606844
          ],
          [
            79.144477,
            21.1607083
          ]
        ]
      },
      "properties": {
        "osm_id": 1120259215,
        "name": "unnamed",
        "waterway_type": "drain",
        "intermittent": "no"
      }
    },
    {
      "type": "Feature",
      "geometry": {
        "type": "LineString",
        "coordinates": [
          [
            79.1441109,
            21.1606341
          ],
          [
            79.1443589,
            21.1606844
          ]
        ]
      },
      "properties": {
        "osm_id": 1120259216,
        "name": "unnamed",
        "waterway_type": "drain",
        "intermittent": "no"
      }
    },
    {
      "type": "Feature",
      "geometry": {
        "type": "LineString",
        "coordinates": [
          [
            79.1439667,
            21.1606049
          ],
          [
            79.1441109,
            21.1606341
          ]
        ]
      },
      "properties": {
        "osm_id": 1120259217,
        "name": "unnamed",
        "waterway_type": "drain",
        "intermittent": "no"
      }
    },
    {
      "type": "Feature",
      "geometry": {
        "type": "LineString",
        "coordinates": [
          [
            79.144477,
            21.1607083
          ],
          [
            79.1448369,
            21.1607812
          ]
        ]
      },
      "properties": {
        "osm_id": 1120259218,
        "name": "unnamed",
        "waterway_type": "drain",
        "intermittent": "no"
      }
    },
    {
      "type": "Feature",
      "geometry": {
        "type": "LineString",
        "coordinates": [
          [
            79.1448369,
            21.1607812
          ],
          [
            79.1449537,
            21.1608049
          ]
        ]
      },
      "properties": {
        "osm_id": 1120259219,
        "name": "unnamed",
        "waterway_type": "drain",
        "intermittent": "no"
      }
    },
    {
      "type": "Feature",
      "geometry": {
        "type": "LineString",
        "coordinates": [
          [
            79.1449537,
            21.1608049
          ],
          [
            79.1469306,
            21.1612056
          ]
        ]
      },
      "properties": {
        "osm_id": 1120259220,
        "name": "unnamed",
        "waterway_type": "drain",
        "intermittent": "no"
      }
    },
    {
      "type": "Feature",
      "geometry": {
        "type": "LineString",
        "coordinates": [
          [
            79.1469306,
            21.1612056
          ],
          [
            79.1469703,
            21.1612136
          ],
          [
            79.1481835,
            21.1612883
          ]
        ]
      },
      "properties": {
        "osm_id": 1120259221,
        "name": "unnamed",
        "waterway_type": "drain",
        "intermittent": "no"
      }
    },
    {
      "type": "Feature",
      "geometry": {
        "type": "LineString",
        "coordinates": [
          [
            79.1481835,
            21.1612883
          ],
          [
            79.1483229,
            21.1612969
          ]
        ]
      },
      "properties": {
        "osm_id": 1120259222,
        "name": "unnamed",
        "waterway_type": "drain",
        "intermittent": "no"
      }
    },
    {
      "type": "Feature",
      "geometry": {
        "type": "LineString",
        "coordinates": [
          [
            79.1483229,
            21.1612969
          ],
          [
            79.150777,
            21.1614479
          ],
          [
            79.1511957,
            21.1617035
          ],
          [
            79.1514089,
            21.1619165
          ],
          [
            79.1515821,
            21.161979
          ]
        ]
      },
      "properties": {
        "osm_id": 1120259223,
        "name": "unnamed",
        "waterway_type": "drain",
        "intermittent": "no"
      }
    },
    {
      "type": "Feature",
      "geometry": {
        "type": "LineString",
        "coordinates": [
          [
            79.1515821,
            21.161979
          ],
          [
            79.1516449,
            21.1620017
          ]
        ]
      },
      "properties": {
        "osm_id": 1120259224,
        "name": "unnamed",
        "waterway_type": "drain",
        "intermittent": "no"
      }
    },
    {
      "type": "Feature",
      "geometry": {
        "type": "LineString",
        "coordinates": [
          [
            79.0781207,
            21.1429387
          ],
          [
            79.0783923,
            21.1432245
          ],
          [
            79.0785252,
            21.143306
          ],
          [
            79.0786949,
            21.1433276
          ],
          [
            79.0788875,
            21.1432754
          ],
          [
            79.0791072,
            21.1431428
          ],
          [
            79.0795854,
            21.1432031
          ],
          [
            79.0798697,
            21.1430705
          ],
          [
            79.0799731,
            21.1428294
          ],
          [
            79.080167,
            21.142287
          ],
          [
            79.0802962,
            21.1421544
          ]
        ]
      },
      "properties": {
        "osm_id": 1146064839,
        "name": "unnamed",
        "waterway_type": "stream",
        "intermittent": "no"
      }
    },
    {
      "type": "Feature",
      "geometry": {
        "type": "LineString",
        "coordinates": [
          [
            79.0779134,
            21.142832
          ],
          [
            79.0780171,
            21.1428854
          ],
          [
            79.0781207,
            21.1429387
          ]
        ]
      },
      "properties": {
        "osm_id": 1146064840,
        "name": "unnamed",
        "waterway_type": "stream",
        "intermittent": "no"
      }
    },
    {
      "type": "Feature",
      "geometry": {
        "type": "LineString",
        "coordinates": [
          [
            79.1271143,
            21.1827415
          ],
          [
            79.127327,
            21.1829469
          ],
          [
            79.1274756,
            21.1830962
          ]
        ]
      },
      "properties": {
        "osm_id": 1188575250,
        "name": "unnamed",
        "waterway_type": "drain",
        "intermittent": "no"
      }
    },
    {
      "type": "Feature",
      "geometry": {
        "type": "LineString",
        "coordinates": [
          [
            79.1378579,
            21.1991248
          ],
          [
            79.137752,
            21.1992729
          ]
        ]
      },
      "properties": {
        "osm_id": 1196314349,
        "name": "unnamed",
        "waterway_type": "stream",
        "intermittent": "no"
      }
    },
    {
      "type": "Feature",
      "geometry": {
        "type": "LineString",
        "coordinates": [
          [
            79.1379587,
            21.1989858
          ],
          [
            79.1378781,
            21.1990969
          ]
        ]
      },
      "properties": {
        "osm_id": 1196314350,
        "name": "unnamed",
        "waterway_type": "stream",
        "intermittent": "no"
      }
    },
    {
      "type": "Feature",
      "geometry": {
        "type": "LineString",
        "coordinates": [
          [
            79.137752,
            21.1992729
          ],
          [
            79.1377079,
            21.1993317
          ]
        ]
      },
      "properties": {
        "osm_id": 1196314351,
        "name": "unnamed",
        "waterway_type": "stream",
        "intermittent": "no"
      }
    },
    {
      "type": "Feature",
      "geometry": {
        "type": "LineString",
        "coordinates": [
          [
            79.1378781,
            21.1990969
          ],
          [
            79.1378579,
            21.1991248
          ]
        ]
      },
      "properties": {
        "osm_id": 1196314352,
        "name": "unnamed",
        "waterway_type": "stream",
        "intermittent": "no"
      }
    },
    {
      "type": "Feature",
      "geometry": {
        "type": "LineString",
        "coordinates": [
          [
            79.1307181,
            21.196841
          ],
          [
            79.1308844,
            21.1966609
          ],
          [
            79.1310024,
            21.1963608
          ],
          [
            79.1312545,
            21.1960457
          ],
          [
            79.1318875,
            21.1956106
          ],
          [
            79.1323006,
            21.1953455
          ],
          [
            79.1325259,
            21.1953705
          ],
          [
            79.1326547,
            21.1952255
          ],
          [
            79.1328263,
            21.1952555
          ],
          [
            79.132998,
            21.1953905
          ],
          [
            79.1332954,
            21.195592
          ],
          [
            79.1334024,
            21.1956056
          ],
          [
            79.1334844,
            21.1955688
          ]
        ]
      },
      "properties": {
        "osm_id": 1196314353,
        "name": "unnamed",
        "waterway_type": "stream",
        "intermittent": "no"
      }
    },
    {
      "type": "Feature",
      "geometry": {
        "type": "LineString",
        "coordinates": [
          [
            79.1334844,
            21.1955688
          ],
          [
            79.1336826,
            21.1953528
          ]
        ]
      },
      "properties": {
        "osm_id": 1196314354,
        "name": "unnamed",
        "waterway_type": "stream",
        "intermittent": "no"
      }
    },
    {
      "type": "Feature",
      "geometry": {
        "type": "LineString",
        "coordinates": [
          [
            79.1078007,
            21.1858639
          ],
          [
            79.108101,
            21.1859028
          ],
          [
            79.108176,
            21.1859125
          ],
          [
            79.1084987,
            21.1860022
          ],
          [
            79.1089258,
            21.1860555
          ],
          [
            79.1091416,
            21.1860825
          ],
          [
            79.1093409,
            21.1861323
          ]
        ]
      },
      "properties": {
        "osm_id": 1196683222,
        "name": "unnamed",
        "waterway_type": "drain",
        "intermittent": "no"
      }
    },
    {
      "type": "Feature",
      "geometry": {
        "type": "LineString",
        "coordinates": [
          [
            79.1075243,
            21.1857416
          ],
          [
            79.1075966,
            21.1858374
          ]
        ]
      },
      "properties": {
        "osm_id": 1196683223,
        "name": "unnamed",
        "waterway_type": "drain",
        "intermittent": "no"
      }
    },
    {
      "type": "Feature",
      "geometry": {
        "type": "LineString",
        "coordinates": [
          [
            79.1076947,
            21.1858501
          ],
          [
            79.1078007,
            21.1858639
          ]
        ]
      },
      "properties": {
        "osm_id": 1196683224,
        "name": "unnamed",
        "waterway_type": "drain",
        "intermittent": "no"
      }
    },
    {
      "type": "Feature",
      "geometry": {
        "type": "LineString",
        "coordinates": [
          [
            79.1075966,
            21.1858374
          ],
          [
            79.1076947,
            21.1858501
          ]
        ]
      },
      "properties": {
        "osm_id": 1196683225,
        "name": "unnamed",
        "waterway_type": "drain",
        "intermittent": "no"
      }
    },
    {
      "type": "Feature",
      "geometry": {
        "type": "LineString",
        "coordinates": [
          [
            79.1336826,
            21.1953528
          ],
          [
            79.1337761,
            21.1953222
          ],
          [
            79.134028,
            21.1953155
          ],
          [
            79.1341996,
            21.1952205
          ],
          [
            79.1342801,
            21.1950654
          ],
          [
            79.134264,
            21.1948654
          ],
          [
            79.1340923,
            21.1945503
          ],
          [
            79.133749,
            21.1942452
          ],
          [
            79.1335827,
            21.1939301
          ],
          [
            79.1335076,
            21.193645
          ],
          [
            79.1336149,
            21.1934699
          ],
          [
            79.1339314,
            21.1934899
          ],
          [
            79.1343498,
            21.19378
          ],
          [
            79.1347682,
            21.1940751
          ],
          [
            79.1351169,
            21.1942152
          ],
          [
            79.13553,
            21.1941301
          ],
          [
            79.1356695,
            21.1940401
          ],
          [
            79.1357323,
            21.1940606
          ]
        ]
      },
      "properties": {
        "osm_id": 1197032271,
        "name": "unnamed",
        "waterway_type": "stream",
        "intermittent": "no"
      }
    },
    {
      "type": "Feature",
      "geometry": {
        "type": "LineString",
        "coordinates": [
          [
            79.1357323,
            21.1940606
          ],
          [
            79.1358394,
            21.1940955
          ]
        ]
      },
      "properties": {
        "osm_id": 1197032272,
        "name": "unnamed",
        "waterway_type": "stream",
        "intermittent": "no"
      }
    },
    {
      "type": "Feature",
      "geometry": {
        "type": "LineString",
        "coordinates": [
          [
            79.0982371,
            21.1208098
          ],
          [
            79.0979575,
            21.1210416
          ],
          [
            79.0978529,
            21.1210791
          ]
        ]
      },
      "properties": {
        "osm_id": 1197257875,
        "name": "unnamed",
        "waterway_type": "drain",
        "intermittent": "no"
      }
    },
    {
      "type": "Feature",
      "geometry": {
        "type": "LineString",
        "coordinates": [
          [
            79.0983469,
            21.1207188
          ],
          [
            79.0982371,
            21.1208098
          ]
        ]
      },
      "properties": {
        "osm_id": 1197257876,
        "name": "unnamed",
        "waterway_type": "drain",
        "intermittent": "no"
      }
    },
    {
      "type": "Feature",
      "geometry": {
        "type": "LineString",
        "coordinates": [
          [
            79.0989728,
            21.119516
          ],
          [
            79.0989741,
            21.119538
          ],
          [
            79.0989902,
            21.1196055
          ],
          [
            79.0989947,
            21.1196933
          ],
          [
            79.0990021,
            21.1197602
          ],
          [
            79.0989521,
            21.1198072
          ],
          [
            79.0987354,
            21.1202385
          ],
          [
            79.0987195,
            21.1203406
          ],
          [
            79.0987129,
            21.1203834
          ],
          [
            79.0986629,
            21.1204568
          ],
          [
            79.0983469,
            21.1207188
          ]
        ]
      },
      "properties": {
        "osm_id": 1197257879,
        "name": "unnamed",
        "waterway_type": "drain",
        "intermittent": "no"
      }
    },
    {
      "type": "Feature",
      "geometry": {
        "type": "LineString",
        "coordinates": [
          [
            79.0989668,
            21.1194169
          ],
          [
            79.0989728,
            21.119516
          ]
        ]
      },
      "properties": {
        "osm_id": 1197257880,
        "name": "unnamed",
        "waterway_type": "drain",
        "intermittent": "no"
      }
    },
    {
      "type": "Feature",
      "geometry": {
        "type": "LineString",
        "coordinates": [
          [
            79.0965566,
            21.1615412
          ],
          [
            79.0965562,
            21.1616074
          ],
          [
            79.0965205,
            21.1617232
          ],
          [
            79.0964189,
            21.1618074
          ],
          [
            79.0962948,
            21.1619074
          ],
          [
            79.0962547,
            21.1620665
          ]
        ]
      },
      "properties": {
        "osm_id": 1197878059,
        "name": "unnamed",
        "waterway_type": "drain",
        "intermittent": "no"
      }
    },
    {
      "type": "Feature",
      "geometry": {
        "type": "LineString",
        "coordinates": [
          [
            79.0962547,
            21.1620665
          ],
          [
            79.0961734,
            21.1622492
          ]
        ]
      },
      "properties": {
        "osm_id": 1197878060,
        "name": "unnamed",
        "waterway_type": "drain",
        "intermittent": "no"
      }
    },
    {
      "type": "Feature",
      "geometry": {
        "type": "LineString",
        "coordinates": [
          [
            79.0875548,
            21.2458478
          ],
          [
            79.0866833,
            21.2459138
          ],
          [
            79.0864223,
            21.245974
          ],
          [
            79.0862002,
            21.2460872
          ],
          [
            79.0855801,
            21.2465158
          ],
          [
            79.0855336,
            21.2465881
          ]
        ]
      },
      "properties": {
        "osm_id": 1198625317,
        "name": "unnamed",
        "waterway_type": "river",
        "intermittent": "no"
      }
    },
    {
      "type": "Feature",
      "geometry": {
        "type": "LineString",
        "coordinates": [
          [
            79.0855336,
            21.2465881
          ],
          [
            79.0855396,
            21.2466656
          ]
        ]
      },
      "properties": {
        "osm_id": 1198625318,
        "name": "unnamed",
        "waterway_type": "river",
        "intermittent": "no"
      }
    },
    {
      "type": "Feature",
      "geometry": {
        "type": "LineString",
        "coordinates": [
          [
            79.0857078,
            21.2486053
          ],
          [
            79.085797,
            21.24944
          ]
        ]
      },
      "properties": {
        "osm_id": 1198625319,
        "name": "unnamed",
        "waterway_type": "river",
        "intermittent": "no"
      }
    },
    {
      "type": "Feature",
      "geometry": {
        "type": "LineString",
        "coordinates": [
          [
            79.0857012,
            21.2485435
          ],
          [
            79.0857078,
            21.2486053
          ]
        ]
      },
      "properties": {
        "osm_id": 1198625320,
        "name": "unnamed",
        "waterway_type": "river",
        "intermittent": "no"
      }
    },
    {
      "type": "Feature",
      "geometry": {
        "type": "LineString",
        "coordinates": [
          [
            79.1870808,
            21.2114265
          ],
          [
            79.1871357,
            21.2114896
          ],
          [
            79.1873127,
            21.2116696
          ],
          [
            79.1874629,
            21.2117896
          ],
          [
            79.1874844,
            21.2119947
          ],
          [
            79.1875327,
            21.2122147
          ],
          [
            79.1877955,
            21.2123448
          ],
          [
            79.1878541,
            21.2123651
          ]
        ]
      },
      "properties": {
        "osm_id": 1214779578,
        "name": "unnamed",
        "waterway_type": "stream",
        "intermittent": "no"
      }
    },
    {
      "type": "Feature",
      "geometry": {
        "type": "LineString",
        "coordinates": [
          [
            79.1870115,
            21.2113469
          ],
          [
            79.1870808,
            21.2114265
          ]
        ]
      },
      "properties": {
        "osm_id": 1214779579,
        "name": "unnamed",
        "waterway_type": "stream",
        "intermittent": "no"
      }
    },
    {
      "type": "Feature",
      "geometry": {
        "type": "LineString",
        "coordinates": [
          [
            79.1879561,
            21.2124004
          ],
          [
            79.188171,
            21.2124748
          ],
          [
            79.1883649,
            21.2125477
          ]
        ]
      },
      "properties": {
        "osm_id": 1214779580,
        "name": "unnamed",
        "waterway_type": "stream",
        "intermittent": "no"
      }
    },
    {
      "type": "Feature",
      "geometry": {
        "type": "LineString",
        "coordinates": [
          [
            79.1878541,
            21.2123651
          ],
          [
            79.1879561,
            21.2124004
          ]
        ]
      },
      "properties": {
        "osm_id": 1214779581,
        "name": "unnamed",
        "waterway_type": "stream",
        "intermittent": "no"
      }
    },
    {
      "type": "Feature",
      "geometry": {
        "type": "LineString",
        "coordinates": [
          [
            79.0963466,
            21.0888442
          ],
          [
            79.0963866,
            21.0888361
          ]
        ]
      },
      "properties": {
        "osm_id": 1225632169,
        "name": "unnamed",
        "waterway_type": "stream",
        "intermittent": "no"
      }
    },
    {
      "type": "Feature",
      "geometry": {
        "type": "LineString",
        "coordinates": [
          [
            79.0759364,
            21.2372579
          ],
          [
            79.0761164,
            21.2371369
          ],
          [
            79.0763503,
            21.2371141
          ],
          [
            79.0766332,
            21.2371506
          ],
          [
            79.076862,
            21.2372453
          ],
          [
            79.0769869,
            21.2373675
          ],
          [
            79.0770065,
            21.2375421
          ],
          [
            79.0769612,
            21.2376939
          ],
          [
            79.0768951,
            21.2378686
          ],
          [
            79.0768509,
            21.238049
          ],
          [
            79.0767651,
            21.2382145
          ],
          [
            79.0767162,
            21.2384063
          ],
          [
            79.0766733,
            21.2384965
          ],
          [
            79.0766715,
            21.2385976
          ],
          [
            79.0767058,
            21.2387026
          ],
          [
            79.0766705,
            21.2388112
          ],
          [
            79.0766428,
            21.2389218
          ],
          [
            79.0766646,
            21.2391
          ],
          [
            79.0767527,
            21.2394191
          ],
          [
            79.076802,
            21.2395903
          ],
          [
            79.076812,
            21.2397827
          ],
          [
            79.0768755,
            21.2398937
          ],
          [
            79.0768348,
            21.2400449
          ],
          [
            79.0767241,
            21.2401767
          ],
          [
            79.0766463,
            21.2402979
          ],
          [
            79.0765781,
            21.2403125
          ],
          [
            79.0764365,
            21.2402293
          ],
          [
            79.0762406,
            21.2401253
          ],
          [
            79.0761242,
            21.2400992
          ],
          [
            79.0760405,
            21.2400927
          ],
          [
            79.075929,
            21.2401727
          ],
          [
            79.0758725,
            21.2402884
          ],
          [
            79.0758404,
            21.2404008
          ],
          [
            79.0759011,
            21.2405598
          ],
          [
            79.0760253,
            21.2406514
          ],
          [
            79.0761752,
            21.2407561
          ],
          [
            79.0762526,
            21.2408309
          ]
        ]
      },
      "properties": {
        "osm_id": 1257040611,
        "name": "unnamed",
        "waterway_type": "drain",
        "intermittent": "no"
      }
    },
    {
      "type": "Feature",
      "geometry": {
        "type": "LineString",
        "coordinates": [
          [
            79.1259544,
            21.1629941
          ],
          [
            79.1261728,
            21.1631164
          ],
          [
            79.1265407,
            21.1633491
          ]
        ]
      },
      "properties": {
        "osm_id": 1303864981,
        "name": "unnamed",
        "waterway_type": "drain",
        "intermittent": "no"
      }
    },
    {
      "type": "Feature",
      "geometry": {
        "type": "LineString",
        "coordinates": [
          [
            79.1270688,
            21.1635839
          ],
          [
            79.127224,
            21.1636625
          ]
        ]
      },
      "properties": {
        "osm_id": 1303864982,
        "name": "unnamed",
        "waterway_type": "drain",
        "intermittent": "no"
      }
    },
    {
      "type": "Feature",
      "geometry": {
        "type": "LineString",
        "coordinates": [
          [
            79.1266091,
            21.1633793
          ],
          [
            79.1270688,
            21.1635839
          ]
        ]
      },
      "properties": {
        "osm_id": 1303864983,
        "name": "unnamed",
        "waterway_type": "drain",
        "intermittent": "no"
      }
    },
    {
      "type": "Feature",
      "geometry": {
        "type": "LineString",
        "coordinates": [
          [
            79.1265407,
            21.1633491
          ],
          [
            79.1266091,
            21.1633793
          ]
        ]
      },
      "properties": {
        "osm_id": 1303864984,
        "name": "unnamed",
        "waterway_type": "drain",
        "intermittent": "no"
      }
    },
    {
      "type": "Feature",
      "geometry": {
        "type": "LineString",
        "coordinates": [
          [
            79.1002729,
            21.1175855
          ],
          [
            79.1001677,
            21.1176414
          ],
          [
            79.100114,
            21.1176964
          ],
          [
            79.0999222,
            21.1177325
          ],
          [
            79.0998391,
            21.1177525
          ],
          [
            79.0997345,
            21.1177925
          ]
        ]
      },
      "properties": {
        "osm_id": 1304588937,
        "name": "unnamed",
        "waterway_type": "drain",
        "intermittent": "no"
      }
    },
    {
      "type": "Feature",
      "geometry": {
        "type": "LineString",
        "coordinates": [
          [
            79.1003165,
            21.1175623
          ],
          [
            79.1002729,
            21.1175855
          ]
        ]
      },
      "properties": {
        "osm_id": 1304588938,
        "name": "unnamed",
        "waterway_type": "drain",
        "intermittent": "no"
      }
    },
    {
      "type": "Feature",
      "geometry": {
        "type": "LineString",
        "coordinates": [
          [
            79.1004215,
            21.1175194
          ],
          [
            79.1003165,
            21.1175623
          ]
        ]
      },
      "properties": {
        "osm_id": 1304590212,
        "name": "unnamed",
        "waterway_type": "drain",
        "intermittent": "no"
      }
    },
    {
      "type": "Feature",
      "geometry": {
        "type": "LineString",
        "coordinates": [
          [
            79.1004842,
            21.1174938
          ],
          [
            79.1004215,
            21.1175194
          ]
        ]
      },
      "properties": {
        "osm_id": 1304590213,
        "name": "unnamed",
        "waterway_type": "drain",
        "intermittent": "no"
      }
    },
    {
      "type": "Feature",
      "geometry": {
        "type": "LineString",
        "coordinates": [
          [
            79.0858469,
            21.2498544
          ],
          [
            79.0858658,
            21.2500116
          ],
          [
            79.0859121,
            21.2507284
          ]
        ]
      },
      "properties": {
        "osm_id": 1351976961,
        "name": "unnamed",
        "waterway_type": "river",
        "intermittent": "no"
      }
    },
    {
      "type": "Feature",
      "geometry": {
        "type": "LineString",
        "coordinates": [
          [
            79.0836221,
            21.2117944
          ],
          [
            79.0837013,
            21.21175
          ],
          [
            79.0837989,
            21.2117235
          ],
          [
            79.0838579,
            21.2116839
          ],
          [
            79.0839336,
            21.2116498
          ],
          [
            79.0840373,
            21.2116082
          ],
          [
            79.0841643,
            21.2115702
          ],
          [
            79.0842402,
            21.2115166
          ],
          [
            79.0842813,
            21.2114273
          ],
          [
            79.0842898,
            21.2113209
          ],
          [
            79.0842659,
            21.211204
          ],
          [
            79.0842155,
            21.2111266
          ],
          [
            79.0841531,
            21.2110883
          ],
          [
            79.084063,
            21.2110816
          ],
          [
            79.0839963,
            21.2110492
          ],
          [
            79.0839497,
            21.2109532
          ],
          [
            79.0839433,
            21.2107798
          ],
          [
            79.0839817,
            21.2105353
          ],
          [
            79.0840945,
            21.2102426
          ],
          [
            79.0842271,
            21.2099825
          ],
          [
            79.0843015,
            21.2097296
          ],
          [
            79.0843758,
            21.2095905
          ],
          [
            79.0843688,
            21.2092917
          ],
          [
            79.0843446,
            21.2091408
          ],
          [
            79.0843458,
            21.2089704
          ],
          [
            79.0843176,
            21.2087416
          ],
          [
            79.0843316,
            21.2086163
          ],
          [
            79.0844081,
            21.2085571
          ],
          [
            79.0845471,
            21.2085612
          ],
          [
            79.0851576,
            21.2085722
          ],
          [
            79.0856369,
            21.2086547
          ],
          [
            79.0858033,
            21.2086166
          ],
          [
            79.0859641,
            21.2084121
          ],
          [
            79.0860742,
            21.2083023
          ],
          [
            79.0862972,
            21.2081185
          ],
          [
            79.0866493,
            21.207779
          ],
          [
            79.0869814,
            21.2074664
          ],
          [
            79.0871566,
            21.2073224
          ],
          [
            79.0875276,
            21.2071914
          ],
          [
            79.0877534,
            21.2070703
          ],
          [
            79.0879573,
            21.2068867
          ],
          [
            79.0881697,
            21.2066414
          ],
          [
            79.0883245,
            21.2064584
          ],
          [
            79.08852,
            21.2062106
          ],
          [
            79.0885979,
            21.2060336
          ],
          [
            79.0887266,
            21.20569
          ],
          [
            79.0887451,
            21.2054794
          ],
          [
            79.0887354,
            21.2051779
          ],
          [
            79.0886974,
            21.2050518
          ],
          [
            79.0887704,
            21.2048734
          ],
          [
            79.0888775,
            21.2048162
          ],
          [
            79.0892804,
            21.2048177
          ],
          [
            79.0894467,
            21.2048966
          ],
          [
            79.0896275,
            21.2050551
          ],
          [
            79.0898428,
            21.2052228
          ],
          [
            79.0900238,
            21.2052453
          ],
          [
            79.0902297,
            21.2051836
          ],
          [
            79.0904056,
            21.2050534
          ],
          [
            79.0905326,
            21.2049768
          ],
          [
            79.0906821,
            21.2049796
          ],
          [
            79.0909163,
            21.2049543
          ],
          [
            79.0913778,
            21.2048858
          ],
          [
            79.0916743,
            21.2047475
          ],
          [
            79.0918062,
            21.2045564
          ],
          [
            79.0918849,
            21.2043329
          ],
          [
            79.0918858,
            21.2041193
          ],
          [
            79.0919826,
            21.2038755
          ],
          [
            79.0921029,
            21.2036782
          ],
          [
            79.0923951,
            21.2036137
          ],
          [
            79.0927381,
            21.2035106
          ],
          [
            79.0931076,
            21.2034469
          ],
          [
            79.0933536,
            21.203419
          ],
          [
            79.0935054,
            21.203266
          ],
          [
            79.0935949,
            21.2030522
          ],
          [
            79.0935967,
            21.2028782
          ],
          [
            79.0937179,
            21.202605
          ],
          [
            79.0938587,
            21.2023366
          ],
          [
            79.094023,
            21.2020487
          ],
          [
            79.0940718,
            21.2017729
          ],
          [
            79.0940673,
            21.2015284
          ],
          [
            79.094146,
            21.2013505
          ],
          [
            79.0942934,
            21.2011016
          ],
          [
            79.0944508,
            21.2010026
          ],
          [
            79.0946046,
            21.2008618
          ],
          [
            79.0946507,
            21.2006695
          ],
          [
            79.0948043,
            21.2004445
          ],
          [
            79.0950301,
            21.2002261
          ],
          [
            79.0951974,
            21.2000075
          ],
          [
            79.0951604,
            21.1996651
          ],
          [
            79.0951657,
            21.1994417
          ],
          [
            79.0952571,
            21.1992542
          ],
          [
            79.0953928,
            21.1991505
          ],
          [
            79.0955691,
            21.1991117
          ],
          [
            79.0958134,
            21.1990938
          ],
          [
            79.0964057,
            21.1990119
          ],
          [
            79.0966306,
            21.1989925
          ],
          [
            79.0968341,
            21.1989149
          ],
          [
            79.0969012,
            21.1987201
          ],
          [
            79.0968062,
            21.198468
          ],
          [
            79.0967617,
            21.1981792
          ]
        ]
      },
      "properties": {
        "osm_id": 1435857644,
        "name": "unnamed",
        "waterway_type": "stream",
        "intermittent": "no"
      }
    }
  ]
}